against_bug;against_dark;against_dragon;against_electric;against_fairy;against_fight;against_fire;against_flying;against_ghost;against_grass;against_ground;against_ice;against_normal;against_poison;against_psychic;against_rock;against_steel;against_water;attack;base_total;capture_rate;defense;hp;name;sp_attack;sp_defense;speed;type1;type2;generation;is_legendary
1;1;1;0.5;0.5;0.5;2;2;1;0.25;1;2;1;1;2;1;1;0.5;49;318;45;49;45;Bulbasaur;65;65;45;grass;poison;1;0
1;1;1;0.5;0.5;0.5;2;2;1;0.25;1;2;1;1;2;1;1;0.5;62;405;45;63;60;Ivysaur;80;80;60;grass;poison;1;0
1;1;1;0.5;0.5;0.5;2;2;1;0.25;1;2;1;1;2;1;1;0.5;100;625;45;123;80;Venusaur;122;120;80;grass;poison;1;0
0.5;1;1;1;0.5;1;0.5;1;1;0.5;2;0.5;1;1;1;2;0.5;2;52;309;45;43;39;Charmander;60;50;65;fire;;1;0
0.5;1;1;1;0.5;1;0.5;1;1;0.5;2;0.5;1;1;1;2;0.5;2;64;405;45;58;58;Charmeleon;80;65;80;fire;;1;0
0.25;1;1;2;0.5;0.5;0.5;1;1;0.25;0;1;1;1;1;4;0.5;2;104;634;45;78;78;Charizard;159;115;100;fire;flying;1;0
1;1;1;2;1;1;0.5;1;1;2;1;0.5;1;1;1;1;0.5;0.5;48;314;45;65;44;Squirtle;50;64;43;water;;1;0
1;1;1;2;1;1;0.5;1;1;2;1;0.5;1;1;1;1;0.5;0.5;63;405;45;80;59;Wartortle;65;80;58;water;;1;0
1;1;1;2;1;1;0.5;1;1;2;1;0.5;1;1;1;1;0.5;0.5;103;630;45;120;79;Blastoise;135;115;78;water;;1;0
1;1;1;1;1;0.5;2;2;1;0.5;0.5;1;1;1;1;2;1;1;30;195;255;35;45;Caterpie;20;20;45;bug;;1;0
1;1;1;1;1;0.5;2;2;1;0.5;0.5;1;1;1;1;2;1;1;20;205;120;55;50;Metapod;25;25;30;bug;;1;0
0.5;1;1;2;1;0.25;2;2;1;0.25;0;2;1;1;1;4;1;1;45;395;45;50;60;Butterfree;90;80;70;bug;flying;1;0
0.5;1;1;1;0.5;0.25;2;2;1;0.25;1;1;1;0.5;2;2;1;1;35;195;255;30;40;Weedle;20;20;50;bug;poison;1;0
0.5;1;1;1;0.5;0.25;2;2;1;0.25;1;1;1;0.5;2;2;1;1;25;205;120;50;45;Kakuna;25;25;35;bug;poison;1;0
0.5;1;1;1;0.5;0.25;2;2;1;0.25;1;1;1;0.5;2;2;1;1;150;495;45;40;65;Beedrill;15;80;145;bug;poison;1;0
0.5;1;1;2;1;1;1;1;0;0.5;0;2;1;1;1;2;1;1;45;251;255;40;40;Pidgey;35;35;56;normal;flying;1;0
0.5;1;1;2;1;1;1;1;0;0.5;0;2;1;1;1;2;1;1;60;349;120;55;63;Pidgeotto;50;50;71;normal;flying;1;0
0.5;1;1;2;1;1;1;1;0;0.5;0;2;1;1;1;2;1;1;80;579;45;80;83;Pidgeot;135;80;121;normal;flying;1;0
1;1;1;1;1;2;1;1;0;1;1;1;1;1;1;1;1;1;56;253;255;35;30;Rattata;25;35;72;normal;dark;1;0
1;1;1;1;1;2;1;1;0;1;1;1;1;1;1;1;1;1;71;413;127;70;75;Raticate;40;80;77;normal;dark;1;0
0.5;1;1;2;1;1;1;1;0;0.5;0;2;1;1;1;2;1;1;60;262;255;30;40;Spearow;31;31;70;normal;flying;1;0
0.5;1;1;2;1;1;1;1;0;0.5;0;2;1;1;1;2;1;1;90;442;90;65;65;Fearow;61;61;100;normal;flying;1;0
0.5;1;1;1;0.5;0.5;1;1;1;0.5;2;1;1;0.5;2;1;1;1;60;288;255;44;35;Ekans;40;54;55;poison;;1;0
0.5;1;1;1;0.5;0.5;1;1;1;0.5;2;1;1;0.5;2;1;1;1;95;448;90;69;60;Arbok;65;79;80;poison;;1;0
1;1;1;0.5;1;1;1;0.5;1;1;2;1;1;1;1;1;0.5;1;55;320;190;40;35;Pikachu;50;50;90;electric;;1;0
1;1;1;0.5;1;1;1;0.5;1;1;2;1;1;1;1;1;0.5;1;85;485;75;50;60;Raichu;95;85;110;electric;electric;1;0
1;1;1;0;1;1;1;1;1;2;1;2;1;0.5;1;0.5;1;2;75;300;255;90;50;Sandshrew;10;35;40;ground;ice;1;0
1;1;1;0;1;1;1;1;1;2;1;2;1;0.5;1;0.5;1;2;100;450;90;120;75;Sandslash;25;65;65;ground;ice;1;0
0.5;1;1;1;0.5;0.5;1;1;1;0.5;2;1;1;0.5;2;1;1;1;47;275;235;52;55;Nidoran♀;40;40;41;poison;;1;0
0.5;1;1;1;0.5;0.5;1;1;1;0.5;2;1;1;0.5;2;1;1;1;62;365;120;67;70;Nidorina;55;55;56;poison;;1;0
0.5;1;1;0;0.5;0.5;1;1;1;1;2;2;1;0.25;2;0.5;1;2;92;505;45;87;90;Nidoqueen;75;85;76;poison;ground;1;0
0.5;1;1;1;0.5;0.5;1;1;1;0.5;2;1;1;0.5;2;1;1;1;57;273;235;40;46;Nidoran♂;40;40;50;poison;;1;0
0.5;1;1;1;0.5;0.5;1;1;1;0.5;2;1;1;0.5;2;1;1;1;72;365;120;57;61;Nidorino;55;55;65;poison;;1;0
0.5;1;1;0;0.5;0.5;1;1;1;1;2;2;1;0.25;2;0.5;1;2;102;505;45;77;81;Nidoking;85;75;85;poison;ground;1;0
0.5;0.5;0;1;1;0.5;1;1;1;1;1;1;1;2;1;1;2;1;45;323;150;48;70;Clefairy;60;65;35;fairy;;1;0
0.5;0.5;0;1;1;0.5;1;1;1;1;1;1;1;2;1;1;2;1;70;483;25;73;95;Clefable;95;90;60;fairy;;1;0
0.5;1;1;1;0.5;1;0.5;1;1;0.5;2;0.5;1;1;1;2;0.5;2;41;299;190;40;38;Vulpix;50;65;65;fire;ice;1;0
0.5;1;1;1;0.5;1;0.5;1;1;0.5;2;0.5;1;1;1;2;0.5;2;67;505;75;75;73;Ninetales;81;100;109;fire;ice;1;0
0.5;0.5;0;1;1;1;1;1;0;1;1;1;1;2;1;1;2;1;45;270;170;20;115;Jigglypuff;45;25;20;normal;fairy;1;0
0.5;0.5;0;1;1;1;1;1;0;1;1;1;1;2;1;1;2;1;70;435;50;45;140;Wigglytuff;85;50;45;normal;fairy;1;0
0.25;1;1;2;0.5;0.25;1;1;1;0.25;0;2;1;0.5;2;2;1;1;45;245;255;35;40;Zubat;30;40;55;poison;flying;1;0
0.25;1;1;2;0.5;0.25;1;1;1;0.25;0;2;1;0.5;2;2;1;1;80;455;90;70;75;Golbat;65;75;90;poison;flying;1;0
1;1;1;0.5;0.5;0.5;2;2;1;0.25;1;2;1;1;2;1;1;0.5;50;320;255;55;45;Oddish;75;65;30;grass;poison;1;0
1;1;1;0.5;0.5;0.5;2;2;1;0.25;1;2;1;1;2;1;1;0.5;65;395;120;70;60;Gloom;85;75;40;grass;poison;1;0
1;1;1;0.5;0.5;0.5;2;2;1;0.25;1;2;1;1;2;1;1;0.5;80;490;45;85;75;Vileplume;110;90;50;grass;poison;1;0
2;1;1;0.5;1;0.5;4;4;1;0.25;0.25;2;1;2;1;2;1;0.5;70;285;190;55;35;Paras;45;55;25;bug;grass;1;0
2;1;1;0.5;1;0.5;4;4;1;0.25;0.25;2;1;2;1;2;1;0.5;95;405;75;80;60;Parasect;60;80;30;bug;grass;1;0
0.5;1;1;1;0.5;0.25;2;2;1;0.25;1;1;1;0.5;2;2;1;1;55;305;190;50;60;Venonat;40;55;45;bug;poison;1;0
0.5;1;1;1;0.5;0.25;2;2;1;0.25;1;1;1;0.5;2;2;1;1;65;450;75;60;70;Venomoth;90;75;90;bug;poison;1;0
1;1;1;0;1;1;1;1;1;2;1;2;1;0.5;1;0.5;1;2;55;265;255;30;10;Diglett;35;45;90;ground;ground;1;0
1;1;1;0;1;1;1;1;1;2;1;2;1;0.5;1;0.5;1;2;100;425;50;60;35;Dugtrio;50;70;110;ground;ground;1;0
1;1;1;1;1;2;1;1;0;1;1;1;1;1;1;1;1;1;35;290;255;35;40;Meowth;50;40;90;normal;dark;1;0
1;1;1;1;1;2;1;1;0;1;1;1;1;1;1;1;1;1;60;440;90;60;65;Persian;75;65;115;normal;dark;1;0
1;1;1;2;1;1;0.5;1;1;2;1;0.5;1;1;1;1;0.5;0.5;52;320;190;48;50;Psyduck;65;50;55;water;;1;0
1;1;1;2;1;1;0.5;1;1;2;1;0.5;1;1;1;1;0.5;0.5;82;500;75;78;80;Golduck;95;80;85;water;;1;0
0.5;0.5;1;1;2;1;1;2;1;1;1;1;1;1;2;0.5;1;1;80;305;190;35;40;Mankey;35;45;70;fighting;;1;0
0.5;0.5;1;1;2;1;1;2;1;1;1;1;1;1;2;0.5;1;1;105;455;75;60;65;Primeape;60;70;95;fighting;;1;0
0.5;1;1;1;0.5;1;0.5;1;1;0.5;2;0.5;1;1;1;2;0.5;2;70;350;190;45;55;Growlithe;70;50;60;fire;;1;0
0.5;1;1;1;0.5;1;0.5;1;1;0.5;2;0.5;1;1;1;2;0.5;2;110;555;75;80;90;Arcanine;100;80;95;fire;;1;0
1;1;1;2;1;1;0.5;1;1;2;1;0.5;1;1;1;1;0.5;0.5;50;300;255;40;40;Poliwag;40;40;90;water;;1;0
1;1;1;2;1;1;0.5;1;1;2;1;0.5;1;1;1;1;0.5;0.5;65;385;120;65;65;Poliwhirl;50;50;90;water;;1;0
0.5;0.5;1;2;2;1;0.5;2;1;2;1;0.5;1;1;2;0.5;0.5;0.5;95;510;45;95;90;Poliwrath;70;90;70;water;fighting;1;0
2;2;1;1;1;0.5;1;1;2;1;1;1;1;1;0.5;1;1;1;20;310;200;15;25;Abra;105;55;90;psychic;;1;0
2;2;1;1;1;0.5;1;1;2;1;1;1;1;1;0.5;1;1;1;35;400;100;30;40;Kadabra;120;70;105;psychic;;1;0
2;2;1;1;1;0.5;1;1;2;1;1;1;1;1;0.5;1;1;1;50;600;50;65;55;Alakazam;175;105;150;psychic;;1;0
0.5;0.5;1;1;2;1;1;2;1;1;1;1;1;1;2;0.5;1;1;80;305;180;50;70;Machop;35;35;35;fighting;;1;0
0.5;0.5;1;1;2;1;1;2;1;1;1;1;1;1;2;0.5;1;1;100;405;90;70;80;Machoke;50;60;45;fighting;;1;0
0.5;0.5;1;1;2;1;1;2;1;1;1;1;1;1;2;0.5;1;1;130;505;45;80;90;Machamp;65;85;55;fighting;;1;0
1;1;1;0.5;0.5;0.5;2;2;1;0.25;1;2;1;1;2;1;1;0.5;75;300;255;35;50;Bellsprout;70;30;40;grass;poison;1;0
1;1;1;0.5;0.5;0.5;2;2;1;0.25;1;2;1;1;2;1;1;0.5;90;390;120;50;65;Weepinbell;85;45;55;grass;poison;1;0
1;1;1;0.5;0.5;0.5;2;2;1;0.25;1;2;1;1;2;1;1;0.5;105;490;45;65;80;Victreebel;100;70;70;grass;poison;1;0
0.5;1;1;2;0.5;0.5;0.5;1;1;1;2;0.5;1;0.5;2;1;0.5;0.5;40;335;190;35;40;Tentacool;50;100;70;water;poison;1;0
0.5;1;1;2;0.5;0.5;0.5;1;1;1;2;0.5;1;0.5;2;1;0.5;0.5;70;515;60;65;80;Tentacruel;80;120;100;water;poison;1;0
1;1;1;0;1;2;0.5;0.5;1;4;2;2;0.5;0.25;1;0.5;2;4;80;300;255;100;40;Geodude;30;30;20;rock;ground;1;0
1;1;1;0;1;2;0.5;0.5;1;4;2;2;0.5;0.25;1;0.5;2;4;95;390;120;115;55;Graveler;45;45;35;rock;ground;1;0
1;1;1;0;1;2;0.5;0.5;1;4;2;2;0.5;0.25;1;0.5;2;4;120;495;45;130;80;Golem;55;65;45;rock;ground;1;0
0.5;1;1;1;0.5;1;0.5;1;1;0.5;2;0.5;1;1;1;2;0.5;2;85;410;190;55;50;Ponyta;65;65;90;fire;;1;0
0.5;1;1;1;0.5;1;0.5;1;1;0.5;2;0.5;1;1;1;2;0.5;2;100;500;60;70;65;Rapidash;80;80;105;fire;;1;0
2;2;1;2;1;0.5;0.5;1;2;2;1;0.5;1;1;0.5;1;0.5;0.5;65;315;190;65;90;Slowpoke;40;40;15;water;psychic;1;0
2;2;1;2;1;0.5;0.5;1;2;2;1;0.5;1;1;0.5;1;0.5;0.5;75;590;75;180;95;Slowbro;130;80;30;water;psychic;1;0
0.5;1;0.5;0.5;0.5;2;2;0.25;1;0.5;4;0.5;0.5;0;0.5;0.5;0.25;1;35;325;190;70;25;Magnemite;95;55;45;electric;steel;1;0
0.5;1;0.5;0.5;0.5;2;2;0.25;1;0.5;4;0.5;0.5;0;0.5;0.5;0.25;1;60;465;60;95;50;Magneton;120;70;70;electric;steel;1;0
0.5;1;1;2;1;1;1;1;0;0.5;0;2;1;1;1;2;1;1;90;377;45;55;52;Farfetch'd;58;62;60;normal;flying;1;0
0.5;1;1;2;1;1;1;1;0;0.5;0;2;1;1;1;2;1;1;85;310;190;45;35;Doduo;35;35;75;normal;flying;1;0
0.5;1;1;2;1;1;1;1;0;0.5;0;2;1;1;1;2;1;1;110;470;45;70;60;Dodrio;60;60;110;normal;flying;1;0
1;1;1;2;1;1;0.5;1;1;2;1;0.5;1;1;1;1;0.5;0.5;45;325;190;55;65;Seel;45;70;45;water;;1;0
1;1;1;2;1;2;1;1;1;2;1;0.25;1;1;1;2;1;0.5;70;475;75;80;90;Dewgong;70;95;70;water;ice;1;0
0.5;1;1;1;0.5;0.5;1;1;1;0.5;2;1;1;0.5;2;1;1;1;80;325;190;50;80;Grimer;40;50;25;poison;poison;1;0
0.5;1;1;1;0.5;0.5;1;1;1;0.5;2;1;1;0.5;2;1;1;1;105;500;75;75;105;Muk;65;100;50;poison;poison;1;0
1;1;1;2;1;1;0.5;1;1;2;1;0.5;1;1;1;1;0.5;0.5;65;305;190;100;30;Shellder;45;25;40;water;;1;0
1;1;1;2;1;2;1;1;1;2;1;0.25;1;1;1;2;1;0.5;95;525;60;180;50;Cloyster;85;45;70;water;ice;1;0
0.25;2;1;1;0.5;0;1;1;2;0.5;2;1;0;0.25;2;1;1;1;35;310;190;30;30;Gastly;100;35;80;ghost;poison;1;0
0.25;2;1;1;0.5;0;1;1;2;0.5;2;1;0;0.25;2;1;1;1;50;405;90;45;45;Haunter;115;55;95;ghost;poison;1;0
0.25;2;1;1;0.5;0;1;1;2;0.5;2;1;0;0.25;2;1;1;1;65;600;45;80;60;Gengar;170;95;130;ghost;poison;1;0
1;1;1;0;1;2;0.5;0.5;1;4;2;2;0.5;0.25;1;0.5;2;4;45;385;45;160;35;Onix;30;45;70;rock;ground;1;0
2;2;1;1;1;0.5;1;1;2;1;1;1;1;1;0.5;1;1;1;48;328;190;45;60;Drowzee;43;90;42;psychic;;1;0
2;2;1;1;1;0.5;1;1;2;1;1;1;1;1;0.5;1;1;1;73;483;75;70;85;Hypno;73;115;67;psychic;;1;0
1;1;1;2;1;1;0.5;1;1;2;1;0.5;1;1;1;1;0.5;0.5;105;325;225;90;30;Krabby;25;25;50;water;;1;0
1;1;1;2;1;1;0.5;1;1;2;1;0.5;1;1;1;1;0.5;0.5;130;475;60;115;55;Kingler;50;50;75;water;;1;0
1;1;1;0.5;1;1;1;0.5;1;1;2;1;1;1;1;1;0.5;1;30;330;190;50;40;Voltorb;55;55;100;electric;;1;0
1;1;1;0.5;1;1;1;0.5;1;1;2;1;1;1;1;1;0.5;1;50;490;60;70;60;Electrode;80;80;150;electric;;1;0
4;2;1;0.5;1;0.5;2;2;2;0.5;0.5;2;1;2;0.5;1;1;0.5;40;325;90;80;60;Exeggcute;60;45;40;grass;psychic;1;0
4;2;1;0.5;1;0.5;2;2;2;0.5;0.5;2;1;2;0.5;1;1;0.5;105;530;45;85;95;Exeggutor;125;75;45;grass;psychic;1;0
1;1;1;0;1;1;1;1;1;2;1;2;1;0.5;1;0.5;1;2;50;320;190;95;50;Cubone;40;50;35;ground;;1;0
1;1;1;0;1;1;1;1;1;2;1;2;1;0.5;1;0.5;1;2;80;425;75;110;60;Marowak;50;80;45;ground;fire;1;0
0.5;0.5;1;1;2;1;1;2;1;1;1;1;1;1;2;0.5;1;1;120;455;45;53;50;Hitmonlee;35;110;87;fighting;;1;0
0.5;0.5;1;1;2;1;1;2;1;1;1;1;1;1;2;0.5;1;1;105;455;45;79;50;Hitmonchan;35;110;76;fighting;;1;0
1;1;1;1;1;2;1;1;0;1;1;1;1;1;1;1;1;1;55;385;45;75;90;Lickitung;60;75;30;normal;;1;0
0.5;1;1;1;0.5;0.5;1;1;1;0.5;2;1;1;0.5;2;1;1;1;65;340;190;95;40;Koffing;60;45;35;poison;;1;0
0.5;1;1;1;0.5;0.5;1;1;1;0.5;2;1;1;0.5;2;1;1;1;90;490;60;120;65;Weezing;85;70;60;poison;;1;0
1;1;1;0;1;2;0.5;0.5;1;4;2;2;0.5;0.25;1;0.5;2;4;85;345;120;95;80;Rhyhorn;30;30;25;ground;rock;1;0
1;1;1;0;1;2;0.5;0.5;1;4;2;2;0.5;0.25;1;0.5;2;4;130;485;60;120;105;Rhydon;45;45;40;ground;rock;1;0
1;1;1;1;1;2;1;1;0;1;1;1;1;1;1;1;1;1;5;450;30;5;250;Chansey;35;105;50;normal;;1;0
2;1;1;0.5;1;1;2;2;1;0.5;0.5;2;1;2;1;1;1;0.5;55;435;45;115;65;Tangela;100;40;60;grass;;1;0
1;1;1;1;1;2;1;1;0;1;1;1;1;1;1;1;1;1;125;590;45;100;105;Kangaskhan;60;100;100;normal;;1;0
1;1;1;2;1;1;0.5;1;1;2;1;0.5;1;1;1;1;0.5;0.5;40;295;225;70;30;Horsea;70;25;60;water;;1;0
1;1;1;2;1;1;0.5;1;1;2;1;0.5;1;1;1;1;0.5;0.5;65;440;75;95;55;Seadra;95;45;85;water;;1;0
1;1;1;2;1;1;0.5;1;1;2;1;0.5;1;1;1;1;0.5;0.5;67;320;225;60;45;Goldeen;35;50;63;water;;1;0
1;1;1;2;1;1;0.5;1;1;2;1;0.5;1;1;1;1;0.5;0.5;92;450;60;65;80;Seaking;65;80;68;water;;1;0
1;1;1;2;1;1;0.5;1;1;2;1;0.5;1;1;1;1;0.5;0.5;45;340;225;55;30;Staryu;70;55;85;water;;1;0
2;2;1;2;1;0.5;0.5;1;2;2;1;0.5;1;1;0.5;1;0.5;0.5;75;520;60;85;60;Starmie;100;85;115;water;psychic;1;0
1;1;0;1;1;0.25;1;1;2;1;1;1;1;2;0.5;1;2;1;45;460;45;65;40;Mr. Mime;100;120;90;psychic;fairy;1;0
0.5;1;1;2;1;0.25;2;2;1;0.25;0;2;1;1;1;4;1;1;110;500;45;80;70;Scyther;55;80;105;bug;flying;1;0
2;2;1;1;1;1;2;1;2;1;1;0.5;1;1;0.5;2;2;1;50;455;45;35;65;Jynx;115;95;95;ice;psychic;1;0
1;1;1;0.5;1;1;1;0.5;1;1;2;1;1;1;1;1;0.5;1;83;490;45;57;65;Electabuzz;95;85;105;electric;;1;0
0.5;1;1;1;0.5;1;0.5;1;1;0.5;2;0.5;1;1;1;2;0.5;2;95;495;45;57;65;Magmar;100;85;93;fire;;1;0
1;1;1;1;1;0.5;2;2;1;0.5;0.5;1;1;1;1;2;1;1;155;600;45;120;65;Pinsir;65;90;105;bug;;1;0
1;1;1;1;1;2;1;1;0;1;1;1;1;1;1;1;1;1;100;490;45;95;75;Tauros;40;70;110;normal;;1;0
1;1;1;2;1;1;0.5;1;1;2;1;0.5;1;1;1;1;0.5;0.5;10;200;255;55;20;Magikarp;15;20;80;water;;1;0
0.5;1;1;4;1;0.5;0.5;1;1;1;0;1;1;1;1;2;0.5;0.5;155;640;45;109;95;Gyarados;70;130;81;water;flying;1;0
1;1;1;2;1;2;1;1;1;2;1;0.25;1;1;1;2;1;0.5;85;535;45;80;130;Lapras;85;95;60;water;ice;1;0
1;1;1;1;1;2;1;1;0;1;1;1;1;1;1;1;1;1;48;288;35;48;48;Ditto;48;48;48;normal;;1;0
1;1;1;1;1;2;1;1;0;1;1;1;1;1;1;1;1;1;55;325;45;50;55;Eevee;45;65;55;normal;;1;0
1;1;1;2;1;1;0.5;1;1;2;1;0.5;1;1;1;1;0.5;0.5;65;525;45;60;130;Vaporeon;110;95;65;water;;1;0
1;1;1;0.5;1;1;1;0.5;1;1;2;1;1;1;1;1;0.5;1;65;525;45;60;65;Jolteon;110;95;130;electric;;1;0
0.5;1;1;1;0.5;1;0.5;1;1;0.5;2;0.5;1;1;1;2;0.5;2;130;525;45;60;65;Flareon;95;110;65;fire;;1;0
1;1;1;1;1;2;1;1;0;1;1;1;1;1;1;1;1;1;60;395;45;70;65;Porygon;85;75;40;normal;;1;0
1;1;1;2;1;2;0.25;0.5;1;4;2;0.5;0.5;0.5;1;1;1;1;40;355;45;100;35;Omanyte;90;55;35;rock;water;1;0
1;1;1;2;1;2;0.25;0.5;1;4;2;0.5;0.5;0.5;1;1;1;1;60;495;45;125;70;Omastar;115;70;55;rock;water;1;0
1;1;1;2;1;2;0.25;0.5;1;4;2;0.5;0.5;0.5;1;1;1;1;80;355;45;90;30;Kabuto;55;45;55;rock;water;1;0
1;1;1;2;1;2;0.25;0.5;1;4;2;0.5;0.5;0.5;1;1;1;1;115;495;45;105;60;Kabutops;65;70;80;rock;water;1;0
0.5;1;1;2;1;1;0.5;0.5;1;1;0;2;0.5;0.5;1;2;2;2;135;615;45;85;80;Aerodactyl;70;95;150;rock;flying;1;0
1;1;1;1;1;2;1;1;0;1;1;1;1;1;1;1;1;1;110;540;25;65;160;Snorlax;65;110;30;normal;;1;0
0.5;1;1;2;1;1;2;1;1;0.5;0;1;1;1;1;4;2;1;85;580;3;100;90;Articuno;95;125;85;ice;flying;1;1
0.5;1;1;1;1;0.5;1;0.5;1;0.5;0;2;1;1;1;2;0.5;1;90;580;3;85;90;Zapdos;125;90;100;electric;flying;1;1
0.25;1;1;2;0.5;0.5;0.5;1;1;0.25;0;1;1;1;1;4;0.5;2;100;580;3;90;90;Moltres;125;85;90;fire;flying;1;1
1;1;2;0.5;2;1;0.5;1;1;0.5;1;2;1;1;1;1;1;0.5;64;300;45;45;41;Dratini;50;50;50;dragon;;1;0
1;1;2;0.5;2;1;0.5;1;1;0.5;1;2;1;1;1;1;1;0.5;84;420;45;65;61;Dragonair;70;70;70;dragon;;1;0
0.5;1;2;1;2;0.5;0.5;1;1;0.25;0;4;1;1;1;2;1;0.5;134;600;45;95;91;Dragonite;100;100;80;dragon;flying;1;0
2;2;1;1;1;0.5;1;1;2;1;1;1;1;1;0.5;1;1;1;150;780;3;70;106;Mewtwo;194;120;140;psychic;;1;1
2;2;1;1;1;0.5;1;1;2;1;1;1;1;1;0.5;1;1;1;100;600;45;100;100;Mew;100;100;100;psychic;;1;1
2;1;1;0.5;1;1;2;2;1;0.5;0.5;2;1;2;1;1;1;0.5;49;318;45;65;45;Chikorita;49;65;45;grass;;2;0
2;1;1;0.5;1;1;2;2;1;0.5;0.5;2;1;2;1;1;1;0.5;62;405;45;80;60;Bayleef;63;80;60;grass;;2;0
2;1;1;0.5;1;1;2;2;1;0.5;0.5;2;1;2;1;1;1;0.5;82;525;45;100;80;Meganium;83;100;80;grass;;2;0
0.5;1;1;1;0.5;1;0.5;1;1;0.5;2;0.5;1;1;1;2;0.5;2;52;309;45;43;39;Cyndaquil;60;50;65;fire;;2;0
0.5;1;1;1;0.5;1;0.5;1;1;0.5;2;0.5;1;1;1;2;0.5;2;64;405;45;58;58;Quilava;80;65;80;fire;;2;0
0.5;1;1;1;0.5;1;0.5;1;1;0.5;2;0.5;1;1;1;2;0.5;2;84;534;45;78;78;Typhlosion;109;85;100;fire;;2;0
1;1;1;2;1;1;0.5;1;1;2;1;0.5;1;1;1;1;0.5;0.5;65;314;45;64;50;Totodile;44;48;43;water;;2;0
1;1;1;2;1;1;0.5;1;1;2;1;0.5;1;1;1;1;0.5;0.5;80;405;45;80;65;Croconaw;59;63;58;water;;2;0
1;1;1;2;1;1;0.5;1;1;2;1;0.5;1;1;1;1;0.5;0.5;105;530;45;100;85;Feraligatr;79;83;78;water;;2;0
1;1;1;1;1;2;1;1;0;1;1;1;1;1;1;1;1;1;46;215;255;34;35;Sentret;35;45;20;normal;;2;0
1;1;1;1;1;2;1;1;0;1;1;1;1;1;1;1;1;1;76;415;90;64;85;Furret;45;55;90;normal;;2;0
0.5;1;1;2;1;1;1;1;0;0.5;0;2;1;1;1;2;1;1;30;262;255;30;60;Hoothoot;36;56;50;normal;flying;2;0
0.5;1;1;2;1;1;1;1;0;0.5;0;2;1;1;1;2;1;1;50;452;90;50;100;Noctowl;86;96;70;normal;flying;2;0
0.5;1;1;2;1;0.25;2;2;1;0.25;0;2;1;1;1;4;1;1;20;265;255;30;40;Ledyba;40;80;55;bug;flying;2;0
0.5;1;1;2;1;0.25;2;2;1;0.25;0;2;1;1;1;4;1;1;35;390;90;50;55;Ledian;55;110;85;bug;flying;2;0
0.5;1;1;1;0.5;0.25;2;2;1;0.25;1;1;1;0.5;2;2;1;1;60;250;255;40;40;Spinarak;40;40;30;bug;poison;2;0
0.5;1;1;1;0.5;0.25;2;2;1;0.25;1;1;1;0.5;2;2;1;1;90;400;90;70;70;Ariados;60;70;40;bug;poison;2;0
0.25;1;1;2;0.5;0.25;1;1;1;0.25;0;2;1;0.5;2;2;1;1;90;535;90;80;85;Crobat;70;80;130;poison;flying;2;0
1;1;1;1;1;1;0.5;0.5;1;2;2;0.5;1;1;1;1;0.25;0.5;38;330;190;38;75;Chinchou;56;56;67;water;electric;2;0
1;1;1;1;1;1;0.5;0.5;1;2;2;0.5;1;1;1;1;0.25;0.5;58;460;75;58;125;Lanturn;76;76;67;water;electric;2;0
1;1;1;0.5;1;1;1;0.5;1;1;2;1;1;1;1;1;0.5;1;40;205;190;15;20;Pichu;35;35;60;electric;;2;0
0.5;0.5;0;1;1;0.5;1;1;1;1;1;1;1;2;1;1;2;1;25;218;150;28;50;Cleffa;45;55;15;fairy;;2;0
0.5;0.5;0;1;1;1;1;1;0;1;1;1;1;2;1;1;2;1;30;210;170;15;90;Igglybuff;40;20;15;normal;fairy;2;0
0.5;0.5;0;1;1;0.5;1;1;1;1;1;1;1;2;1;1;2;1;20;245;190;65;35;Togepi;40;65;20;fairy;;2;0
0.25;0.5;0;2;1;0.25;1;1;1;0.5;0;2;1;2;1;2;2;1;40;405;75;85;55;Togetic;80;105;40;fairy;flying;2;0
1;2;1;2;1;0.25;1;1;2;0.5;0;2;1;1;0.5;2;1;1;50;320;190;45;40;Natu;70;45;70;psychic;flying;2;0
1;2;1;2;1;0.25;1;1;2;0.5;0;2;1;1;0.5;2;1;1;75;470;75;70;65;Xatu;95;70;95;psychic;flying;2;0
1;1;1;0.5;1;1;1;0.5;1;1;2;1;1;1;1;1;0.5;1;40;280;235;40;55;Mareep;65;45;35;electric;;2;0
1;1;1;0.5;1;1;1;0.5;1;1;2;1;1;1;1;1;0.5;1;55;365;120;55;70;Flaaffy;80;60;45;electric;;2;0
1;1;1;0.5;1;1;1;0.5;1;1;2;1;1;1;1;1;0.5;1;95;610;45;105;90;Ampharos;165;110;45;electric;;2;0
2;1;1;0.5;1;1;2;2;1;0.5;0.5;2;1;2;1;1;1;0.5;80;490;45;95;75;Bellossom;90;100;50;grass;;2;0
0.5;0.5;0;2;1;0.5;0.5;1;1;2;1;0.5;1;2;1;1;1;0.5;20;250;190;50;70;Marill;20;50;40;water;fairy;2;0
0.5;0.5;0;2;1;0.5;0.5;1;1;2;1;0.5;1;2;1;1;1;0.5;50;420;75;80;100;Azumarill;60;80;50;water;fairy;2;0
1;1;1;1;1;2;0.5;0.5;1;2;2;1;0.5;0.5;1;1;2;2;100;410;65;115;70;Sudowoodo;30;65;30;rock;;2;0
1;1;1;2;1;1;0.5;1;1;2;1;0.5;1;1;1;1;0.5;0.5;75;500;45;75;90;Politoed;90;100;70;water;;2;0
1;1;1;1;1;0.5;2;2;1;0.25;0;4;1;2;1;2;1;0.5;35;250;255;40;35;Hoppip;35;55;50;grass;flying;2;0
1;1;1;1;1;0.5;2;2;1;0.25;0;4;1;2;1;2;1;0.5;45;340;120;50;55;Skiploom;45;65;80;grass;flying;2;0
1;1;1;1;1;0.5;2;2;1;0.25;0;4;1;2;1;2;1;0.5;55;460;45;70;75;Jumpluff;55;95;110;grass;flying;2;0
1;1;1;1;1;2;1;1;0;1;1;1;1;1;1;1;1;1;70;360;45;55;55;Aipom;40;55;85;normal;;2;0
2;1;1;0.5;1;1;2;2;1;0.5;0.5;2;1;2;1;1;1;0.5;30;180;235;30;30;Sunkern;30;30;30;grass;;2;0
2;1;1;0.5;1;1;2;2;1;0.5;0.5;2;1;2;1;1;1;0.5;75;425;120;55;75;Sunflora;105;85;30;grass;;2;0
0.5;1;1;2;1;0.25;2;2;1;0.25;0;2;1;1;1;4;1;1;65;390;75;45;65;Yanma;75;45;95;bug;flying;2;0
1;1;1;0;1;1;0.5;1;1;4;1;1;1;0.5;1;0.5;0.5;1;45;210;255;45;55;Wooper;25;25;15;water;ground;2;0
1;1;1;0;1;1;0.5;1;1;4;1;1;1;0.5;1;0.5;0.5;1;85;430;90;85;95;Quagsire;65;65;35;water;ground;2;0
2;2;1;1;1;0.5;1;1;2;1;1;1;1;1;0.5;1;1;1;65;525;45;60;65;Espeon;130;95;110;psychic;;2;0
2;0.5;1;1;2;2;1;1;0.5;1;1;1;1;1;0;1;1;1;65;525;45;110;95;Umbreon;60;130;65;dark;;2;0
1;0.5;1;2;2;1;1;1;0.5;0.5;0;2;1;1;0;2;1;1;85;405;30;42;60;Murkrow;85;42;91;dark;flying;2;0
2;2;1;2;1;0.5;0.5;1;2;2;1;0.5;1;1;0.5;1;0.5;0.5;75;490;70;80;95;Slowking;100;110;30;water;psychic;2;0
0.5;2;1;1;1;0;1;1;2;1;1;1;0;0.5;1;1;1;1;60;435;45;60;60;Misdreavus;85;85;85;ghost;;2;0
2;2;1;1;1;0.5;1;1;2;1;1;1;1;1;0.5;1;1;1;72;336;225;48;48;Unown;72;48;48;psychic;;2;0
2;2;1;1;1;0.5;1;1;2;1;1;1;1;1;0.5;1;1;1;33;405;45;58;190;Wobbuffet;33;58;33;psychic;;2;0
2;2;1;1;1;1;1;1;0;1;1;1;1;1;0.5;1;1;1;80;455;60;65;70;Girafarig;90;65;85;normal;psychic;2;0
1;1;1;1;1;0.5;2;2;1;0.5;0.5;1;1;1;1;2;1;1;65;290;190;90;50;Pineco;35;35;15;bug;;2;0
0.5;1;0.5;1;0.5;1;4;1;1;0.25;1;0.5;0.5;0;0.5;1;0.5;1;90;465;75;140;75;Forretress;60;60;40;bug;steel;2;0
1;1;1;1;1;2;1;1;0;1;1;1;1;1;1;1;1;1;70;415;190;70;100;Dunsparce;65;65;45;normal;;2;0
0.5;1;1;0;1;0.5;1;1;1;1;0;4;1;0.5;1;1;1;2;75;430;60;105;65;Gligar;35;65;85;ground;flying;2;0
0.5;1;0.5;0;0.5;2;2;0.5;1;1;2;1;0.5;0;0.5;0.25;0.5;2;125;610;25;230;75;Steelix;55;95;30;steel;ground;2;0
0.5;0.5;0;1;1;0.5;1;1;1;1;1;1;1;2;1;1;2;1;80;300;190;50;60;Snubbull;40;40;30;fairy;;2;0
0.5;0.5;0;1;1;0.5;1;1;1;1;1;1;1;2;1;1;2;1;120;450;75;75;90;Granbull;60;60;45;fairy;;2;0
0.5;1;1;2;0.5;0.5;0.5;1;1;1;2;0.5;1;0.5;2;1;0.5;0.5;95;440;45;85;65;Qwilfish;55;55;85;water;poison;2;0
0.5;1;0.5;1;0.5;1;4;1;1;0.25;1;0.5;0.5;0;0.5;1;0.5;1;150;600;25;140;70;Scizor;65;100;75;bug;steel;2;0
1;1;1;1;1;1;1;1;1;1;1;1;0.5;0.5;1;2;2;2;10;505;190;230;20;Shuckle;10;230;5;bug;rock;2;0
0.5;0.5;1;1;2;0.5;2;4;1;0.5;0.5;1;1;1;2;1;1;1;185;600;45;115;80;Heracross;40;105;75;bug;fighting;2;0
2;0.5;1;1;2;4;2;1;0.5;1;1;0.5;1;1;0;2;2;1;95;430;60;55;55;Sneasel;35;75;115;dark;ice;2;0
1;1;1;1;1;2;1;1;0;1;1;1;1;1;1;1;1;1;80;330;120;50;60;Teddiursa;50;50;40;normal;;2;0
1;1;1;1;1;2;1;1;0;1;1;1;1;1;1;1;1;1;130;500;60;75;90;Ursaring;75;75;55;normal;;2;0
0.5;1;1;1;0.5;1;0.5;1;1;0.5;2;0.5;1;1;1;2;0.5;2;40;250;190;40;40;Slugma;70;40;20;fire;;2;0
0.5;1;1;1;0.5;2;0.25;0.5;1;1;4;0.5;0.5;0.5;1;2;1;4;50;430;75;120;60;Magcargo;90;80;30;fire;rock;2;0
1;1;1;0;1;2;2;1;1;2;1;1;1;0.5;1;1;2;2;50;250;225;40;50;Swinub;30;30;50;ice;ground;2;0
1;1;1;0;1;2;2;1;1;2;1;1;1;0.5;1;1;2;2;100;450;75;80;100;Piloswine;60;60;50;ice;ground;2;0
1;1;1;2;1;2;0.25;0.5;1;4;2;0.5;0.5;0.5;1;1;1;1;55;410;60;95;65;Corsola;65;95;35;water;rock;2;0
1;1;1;2;1;1;0.5;1;1;2;1;0.5;1;1;1;1;0.5;0.5;65;300;190;35;35;Remoraid;65;35;65;water;;2;0
1;1;1;2;1;1;0.5;1;1;2;1;0.5;1;1;1;1;0.5;0.5;105;480;75;75;75;Octillery;105;75;45;water;;2;0
0.5;1;1;2;1;1;2;1;1;0.5;0;1;1;1;1;4;2;1;55;330;45;45;45;Delibird;65;45;75;ice;flying;2;0
0.5;1;1;4;1;0.5;0.5;1;1;1;0;1;1;1;1;2;0.5;0.5;40;485;25;70;85;Mantine;80;140;70;water;flying;2;0
0.25;1;0.5;2;0.5;1;2;0.5;1;0.25;0;1;0.5;0;0.5;1;0.5;1;80;465;25;140;65;Skarmory;40;70;70;steel;flying;2;0
1;0.5;1;1;1;2;0.5;1;0.5;0.5;2;0.5;1;1;0;2;0.5;2;60;330;120;30;45;Houndour;80;50;65;dark;fire;2;0
1;0.5;1;1;1;2;0.5;1;0.5;0.5;2;0.5;1;1;0;2;0.5;2;90;600;45;90;75;Houndoom;140;90;115;dark;fire;2;0
1;1;2;1;2;1;0.25;1;1;1;1;1;1;1;1;1;0.5;0.25;95;540;45;95;75;Kingdra;95;95;85;water;dragon;2;0
1;1;1;0;1;1;1;1;1;2;1;2;1;0.5;1;0.5;1;2;60;330;120;60;90;Phanpy;40;40;40;ground;;2;0
1;1;1;0;1;1;1;1;1;2;1;2;1;0.5;1;0.5;1;2;120;500;60;120;90;Donphan;60;60;50;ground;;2;0
1;1;1;1;1;2;1;1;0;1;1;1;1;1;1;1;1;1;80;515;45;90;85;Porygon2;105;95;60;normal;;2;0
1;1;1;1;1;2;1;1;0;1;1;1;1;1;1;1;1;1;95;465;45;62;73;Stantler;85;65;85;normal;;2;0
1;1;1;1;1;2;1;1;0;1;1;1;1;1;1;1;1;1;20;250;45;35;55;Smeargle;20;45;75;normal;;2;0
0.5;0.5;1;1;2;1;1;2;1;1;1;1;1;1;2;0.5;1;1;35;210;75;35;35;Tyrogue;35;35;35;fighting;;2;0
0.5;0.5;1;1;2;1;1;2;1;1;1;1;1;1;2;0.5;1;1;95;455;45;95;50;Hitmontop;35;110;70;fighting;;2;0
2;2;1;1;1;1;2;1;2;1;1;0.5;1;1;0.5;2;2;1;30;305;45;15;45;Smoochum;85;65;65;ice;psychic;2;0
1;1;1;0.5;1;1;1;0.5;1;1;2;1;1;1;1;1;0.5;1;63;360;45;37;45;Elekid;65;55;95;electric;;2;0
0.5;1;1;1;0.5;1;0.5;1;1;0.5;2;0.5;1;1;1;2;0.5;2;75;365;45;37;45;Magby;70;55;83;fire;;2;0
1;1;1;1;1;2;1;1;0;1;1;1;1;1;1;1;1;1;80;490;45;105;95;Miltank;40;70;100;normal;;2;0
1;1;1;1;1;2;1;1;0;1;1;1;1;1;1;1;1;1;10;540;30;10;255;Blissey;75;135;55;normal;;2;0
1;1;1;0.5;1;1;1;0.5;1;1;2;1;1;1;1;1;0.5;1;85;580;3;75;90;Raikou;115;100;115;electric;;2;1
0.5;1;1;1;0.5;1;0.5;1;1;0.5;2;0.5;1;1;1;2;0.5;2;115;580;3;85;115;Entei;90;75;100;fire;;2;1
1;1;1;2;1;1;0.5;1;1;2;1;0.5;1;1;1;1;0.5;0.5;75;580;3;115;100;Suicune;90;115;85;water;;2;1
1;1;1;0;1;2;0.5;0.5;1;4;2;2;0.5;0.25;1;0.5;2;4;64;300;45;50;50;Larvitar;45;50;41;rock;ground;2;0
1;1;1;0;1;2;0.5;0.5;1;4;2;2;0.5;0.25;1;0.5;2;4;84;410;45;70;70;Pupitar;65;70;51;rock;ground;2;0
2;0.5;1;1;2;4;0.5;0.5;0.5;2;2;1;0.5;0.5;0;1;2;2;164;700;45;150;100;Tyranitar;95;120;71;rock;dark;2;0
1;2;1;2;1;0.25;1;1;2;0.5;0;2;1;1;0.5;2;1;1;90;680;3;130;106;Lugia;90;154;110;psychic;flying;2;1
0.25;1;1;2;0.5;0.5;0.5;1;1;0.25;0;1;1;1;1;4;0.5;2;130;680;3;90;106;Ho-Oh;110;154;90;fire;flying;2;1
4;2;1;0.5;1;0.5;2;2;2;0.5;0.5;2;1;2;0.5;1;1;0.5;100;600;45;100;100;Celebi;100;100;100;psychic;grass;2;1
2;1;1;0.5;1;1;2;2;1;0.5;0.5;2;1;2;1;1;1;0.5;45;310;45;35;40;Treecko;65;55;70;grass;;3;0
2;1;1;0.5;1;1;2;2;1;0.5;0.5;2;1;2;1;1;1;0.5;65;405;45;45;50;Grovyle;85;65;95;grass;;3;0
2;1;1;0.5;1;1;2;2;1;0.5;0.5;2;1;2;1;1;1;0.5;110;630;45;75;70;Sceptile;145;85;145;grass;;3;0
0.5;1;1;1;0.5;1;0.5;1;1;0.5;2;0.5;1;1;1;2;0.5;2;60;310;45;40;45;Torchic;70;50;45;fire;;3;0
0.25;0.5;1;1;1;1;0.5;2;1;0.5;2;0.5;1;1;2;1;0.5;2;85;405;45;60;60;Combusken;85;60;55;fire;fighting;3;0
0.25;0.5;1;1;1;1;0.5;2;1;0.5;2;0.5;1;1;2;1;0.5;2;160;630;45;80;80;Blaziken;130;80;100;fire;fighting;3;0
1;1;1;2;1;1;0.5;1;1;2;1;0.5;1;1;1;1;0.5;0.5;70;310;45;50;50;Mudkip;50;50;40;water;;3;0
1;1;1;0;1;1;0.5;1;1;4;1;1;1;0.5;1;0.5;0.5;1;85;405;45;70;70;Marshtomp;60;70;50;water;ground;3;0
1;1;1;0;1;1;0.5;1;1;4;1;1;1;0.5;1;0.5;0.5;1;150;635;45;110;100;Swampert;95;110;70;water;ground;3;0
2;0.5;1;1;2;2;1;1;0.5;1;1;1;1;1;0;1;1;1;55;220;255;35;35;Poochyena;30;30;35;dark;;3;0
2;0.5;1;1;2;2;1;1;0.5;1;1;1;1;1;0;1;1;1;90;420;127;70;70;Mightyena;60;60;70;dark;;3;0
1;1;1;1;1;2;1;1;0;1;1;1;1;1;1;1;1;1;30;240;255;41;38;Zigzagoon;30;41;60;normal;;3;0
1;1;1;1;1;2;1;1;0;1;1;1;1;1;1;1;1;1;70;420;90;61;78;Linoone;50;61;100;normal;;3;0
1;1;1;1;1;0.5;2;2;1;0.5;0.5;1;1;1;1;2;1;1;45;195;255;35;45;Wurmple;20;30;20;bug;;3;0
1;1;1;1;1;0.5;2;2;1;0.5;0.5;1;1;1;1;2;1;1;35;205;120;55;50;Silcoon;25;25;15;bug;;3;0
0.5;1;1;2;1;0.25;2;2;1;0.25;0;2;1;1;1;4;1;1;70;395;45;50;60;Beautifly;100;50;65;bug;flying;3;0
1;1;1;1;1;0.5;2;2;1;0.5;0.5;1;1;1;1;2;1;1;35;205;120;55;50;Cascoon;25;25;15;bug;;3;0
0.5;1;1;1;0.5;0.25;2;2;1;0.25;1;1;1;0.5;2;2;1;1;50;385;45;70;60;Dustox;50;90;65;bug;poison;3;0
2;1;1;1;1;1;1;2;1;1;0.5;1;1;2;1;1;0.5;0.25;30;220;255;30;40;Lotad;40;50;30;water;grass;3;0
2;1;1;1;1;1;1;2;1;1;0.5;1;1;2;1;1;0.5;0.25;50;340;120;50;60;Lombre;60;70;50;water;grass;3;0
2;1;1;1;1;1;1;2;1;1;0.5;1;1;2;1;1;0.5;0.25;70;480;45;70;80;Ludicolo;90;100;70;water;grass;3;0
2;1;1;0.5;1;1;2;2;1;0.5;0.5;2;1;2;1;1;1;0.5;40;220;255;50;40;Seedot;30;30;30;grass;;3;0
4;0.5;1;0.5;2;2;2;2;0.5;0.5;0.5;2;1;2;0;1;1;0.5;70;340;120;40;70;Nuzleaf;60;40;60;grass;dark;3;0
4;0.5;1;0.5;2;2;2;2;0.5;0.5;0.5;2;1;2;0;1;1;0.5;100;480;45;60;90;Shiftry;90;60;80;grass;dark;3;0
0.5;1;1;2;1;1;1;1;0;0.5;0;2;1;1;1;2;1;1;55;270;200;30;40;Taillow;30;30;85;normal;flying;3;0
0.5;1;1;2;1;1;1;1;0;0.5;0;2;1;1;1;2;1;1;85;455;45;60;60;Swellow;75;50;125;normal;flying;3;0
0.5;1;1;4;1;0.5;0.5;1;1;1;0;1;1;1;1;2;0.5;0.5;30;270;190;30;40;Wingull;55;30;85;water;flying;3;0
0.5;1;1;4;1;0.5;0.5;1;1;1;0;1;1;1;1;2;0.5;0.5;50;440;45;100;60;Pelipper;95;70;65;water;flying;3;0
1;1;0;1;1;0.25;1;1;2;1;1;1;1;2;0.5;1;2;1;25;198;235;25;28;Ralts;45;35;40;psychic;fairy;3;0
1;1;0;1;1;0.25;1;1;2;1;1;1;1;2;0.5;1;2;1;35;278;120;35;38;Kirlia;65;55;50;psychic;fairy;3;0
1;1;0;1;1;0.25;1;1;2;1;1;1;1;2;0.5;1;2;1;85;618;45;65;68;Gardevoir;165;135;100;psychic;fairy;3;0
1;1;1;2;1;0.5;1;2;1;1;0.5;0.5;1;1;1;2;0.5;0.5;30;269;200;32;40;Surskit;50;52;65;bug;water;3;0
0.5;1;1;2;1;0.25;2;2;1;0.25;0;2;1;1;1;4;1;1;60;454;75;62;70;Masquerain;100;82;80;bug;flying;3;0
2;1;1;0.5;1;1;2;2;1;0.5;0.5;2;1;2;1;1;1;0.5;40;295;255;60;60;Shroomish;40;60;35;grass;;3;0
1;0.5;1;0.5;2;1;2;4;1;0.5;0.5;2;1;2;2;0.5;1;0.5;130;460;90;80;60;Breloom;60;60;70;grass;fighting;3;0
1;1;1;1;1;2;1;1;0;1;1;1;1;1;1;1;1;1;60;280;255;60;60;Slakoth;35;35;30;normal;;3;0
1;1;1;1;1;2;1;1;0;1;1;1;1;1;1;1;1;1;80;440;120;80;80;Vigoroth;55;55;90;normal;;3;0
1;1;1;1;1;2;1;1;0;1;1;1;1;1;1;1;1;1;160;670;45;100;150;Slaking;95;65;100;normal;;3;0
1;1;1;0;1;0.5;2;2;1;1;0.5;2;1;0.5;1;1;1;2;45;266;255;90;31;Nincada;30;30;40;bug;ground;3;0
0.5;1;1;2;1;0.25;2;2;1;0.25;0;2;1;1;1;4;1;1;90;456;120;45;61;Ninjask;50;50;160;bug;flying;3;0
0.5;2;1;1;1;0;2;2;2;0.5;0.5;1;0;0.5;1;2;1;1;90;236;45;45;1;Shedinja;30;30;40;bug;ghost;3;0
1;1;1;1;1;2;1;1;0;1;1;1;1;1;1;1;1;1;51;240;190;23;64;Whismur;51;23;28;normal;;3;0
1;1;1;1;1;2;1;1;0;1;1;1;1;1;1;1;1;1;71;360;120;43;84;Loudred;71;43;48;normal;;3;0
1;1;1;1;1;2;1;1;0;1;1;1;1;1;1;1;1;1;91;490;45;63;104;Exploud;91;73;68;normal;;3;0
0.5;0.5;1;1;2;1;1;2;1;1;1;1;1;1;2;0.5;1;1;60;237;180;30;72;Makuhita;20;30;25;fighting;;3;0
0.5;0.5;1;1;2;1;1;2;1;1;1;1;1;1;2;0.5;1;1;120;474;200;60;144;Hariyama;40;60;50;fighting;;3;0
0.5;0.5;0;1;1;1;1;1;0;1;1;1;1;2;1;1;2;1;20;190;150;40;50;Azurill;20;40;20;normal;fairy;3;0
1;1;1;1;1;2;0.5;0.5;1;2;2;1;0.5;0.5;1;1;2;2;45;375;255;135;30;Nosepass;45;90;30;rock;;3;0
1;1;1;1;1;2;1;1;0;1;1;1;1;1;1;1;1;1;45;260;255;45;50;Skitty;35;35;50;normal;;3;0
1;1;1;1;1;2;1;1;0;1;1;1;1;1;1;1;1;1;65;400;60;65;70;Delcatty;55;55;90;normal;;3;0
1;1;1;1;2;0;1;1;1;1;1;1;0;0.5;0;1;1;1;85;480;45;125;50;Sableye;85;115;20;dark;ghost;3;0
0.25;0.5;0;1;0.5;1;2;0.5;1;0.5;2;0.5;0.5;0;0.5;0.5;1;1;105;480;45;125;50;Mawile;55;95;50;steel;fairy;3;0
0.5;1;0.5;1;0.5;4;1;0.25;1;1;4;0.5;0.25;0;0.5;0.5;1;2;70;330;180;100;50;Aron;40;40;30;steel;rock;3;0
0.5;1;0.5;1;0.5;4;1;0.25;1;1;4;0.5;0.25;0;0.5;0.5;1;2;90;430;90;140;60;Lairon;50;50;40;steel;rock;3;0
0.5;1;0.5;1;0.5;4;1;0.25;1;1;4;0.5;0.25;0;0.5;0.5;1;2;140;630;45;230;70;Aggron;60;80;50;steel;rock;3;0
1;1;1;1;2;0.5;1;2;2;1;1;1;1;1;1;0.5;1;1;40;280;180;55;30;Meditite;40;55;60;fighting;psychic;3;0
1;1;1;1;2;0.5;1;2;2;1;1;1;1;1;1;0.5;1;1;100;510;90;85;60;Medicham;80;85;100;fighting;psychic;3;0
1;1;1;0.5;1;1;1;0.5;1;1;2;1;1;1;1;1;0.5;1;45;295;120;40;40;Electrike;65;40;65;electric;;3;0
1;1;1;0.5;1;1;1;0.5;1;1;2;1;1;1;1;1;0.5;1;75;575;45;80;70;Manectric;135;80;135;electric;;3;0
1;1;1;0.5;1;1;1;0.5;1;1;2;1;1;1;1;1;0.5;1;50;405;200;40;60;Plusle;85;75;95;electric;;3;0
1;1;1;0.5;1;1;1;0.5;1;1;2;1;1;1;1;1;0.5;1;40;405;200;50;60;Minun;75;85;95;electric;;3;0
1;1;1;1;1;0.5;2;2;1;0.5;0.5;1;1;1;1;2;1;1;73;430;150;75;65;Volbeat;47;85;85;bug;;3;0
1;1;1;1;1;0.5;2;2;1;0.5;0.5;1;1;1;1;2;1;1;47;430;150;75;65;Illumise;73;85;85;bug;;3;0
1;1;1;0.5;0.5;0.5;2;2;1;0.25;1;2;1;1;2;1;1;0.5;60;400;150;45;50;Roselia;100;80;65;grass;poison;3;0
0.5;1;1;1;0.5;0.5;1;1;1;0.5;2;1;1;0.5;2;1;1;1;43;302;225;53;70;Gulpin;43;53;40;poison;;3;0
0.5;1;1;1;0.5;0.5;1;1;1;0.5;2;1;1;0.5;2;1;1;1;73;467;75;83;100;Swalot;73;83;55;poison;;3;0
2;0.5;1;2;2;2;0.5;1;0.5;2;1;0.5;1;1;0;1;0.5;0.5;90;305;225;20;45;Carvanha;65;20;65;water;dark;3;0
2;0.5;1;2;2;2;0.5;1;0.5;2;1;0.5;1;1;0;1;0.5;0.5;140;560;60;70;70;Sharpedo;110;65;105;water;dark;3;0
1;1;1;2;1;1;0.5;1;1;2;1;0.5;1;1;1;1;0.5;0.5;70;400;125;35;130;Wailmer;70;35;60;water;;3;0
1;1;1;2;1;1;0.5;1;1;2;1;0.5;1;1;1;1;0.5;0.5;90;500;60;45;170;Wailord;90;45;60;water;;3;0
0.5;1;1;0;0.5;1;0.5;1;1;1;2;1;1;0.5;1;1;0.5;4;60;305;255;40;60;Numel;65;45;35;fire;ground;3;0
0.5;1;1;0;0.5;1;0.5;1;1;1;2;1;1;0.5;1;1;0.5;4;120;560;150;100;70;Camerupt;145;105;20;fire;ground;3;0
0.5;1;1;1;0.5;1;0.5;1;1;0.5;2;0.5;1;1;1;2;0.5;2;85;470;90;140;70;Torkoal;85;70;20;fire;;3;0
2;2;1;1;1;0.5;1;1;2;1;1;1;1;1;0.5;1;1;1;25;330;255;35;60;Spoink;70;80;60;psychic;;3;0
2;2;1;1;1;0.5;1;1;2;1;1;1;1;1;0.5;1;1;1;45;470;60;65;80;Grumpig;90;110;80;psychic;;3;0
1;1;1;1;1;2;1;1;0;1;1;1;1;1;1;1;1;1;60;360;255;60;60;Spinda;60;60;60;normal;;3;0
1;1;1;0;1;1;1;1;1;2;1;2;1;0.5;1;0.5;1;2;100;290;255;45;45;Trapinch;45;45;10;ground;;3;0
1;1;2;0;2;1;0.5;1;1;1;1;4;1;0.5;1;0.5;1;1;70;340;120;50;50;Vibrava;50;50;70;ground;dragon;3;0
1;1;2;0;2;1;0.5;1;1;1;1;4;1;0.5;1;0.5;1;1;100;520;45;80;80;Flygon;80;80;100;ground;dragon;3;0
2;1;1;0.5;1;1;2;2;1;0.5;0.5;2;1;2;1;1;1;0.5;85;335;190;40;50;Cacnea;85;40;35;grass;;3;0
4;0.5;1;0.5;2;2;2;2;0.5;0.5;0.5;2;1;2;0;1;1;0.5;115;475;60;60;70;Cacturne;115;60;55;grass;dark;3;0
0.5;1;1;2;1;1;1;1;0;0.5;0;2;1;1;1;2;1;1;40;310;255;60;45;Swablu;40;75;50;normal;flying;3;0
0.5;1;2;1;2;0.5;0.5;1;1;0.25;0;4;1;1;1;2;1;0.5;110;590;45;110;75;Altaria;110;105;80;dragon;flying;3;0
1;1;1;1;1;2;1;1;0;1;1;1;1;1;1;1;1;1;115;458;90;60;73;Zangoose;60;60;90;normal;;3;0
0.5;1;1;1;0.5;0.5;1;1;1;0.5;2;1;1;0.5;2;1;1;1;100;458;90;60;73;Seviper;100;60;65;poison;;3;0
2;2;1;1;1;1;0.5;0.5;2;2;2;1;0.5;0.5;0.5;1;2;2;55;460;45;65;90;Lunatone;95;85;70;rock;psychic;3;0
2;2;1;1;1;1;0.5;0.5;2;2;2;1;0.5;0.5;0.5;1;2;2;95;460;45;85;90;Solrock;55;65;70;rock;psychic;3;0
1;1;1;0;1;1;0.5;1;1;4;1;1;1;0.5;1;0.5;0.5;1;48;288;190;43;50;Barboach;46;41;60;water;ground;3;0
1;1;1;0;1;1;0.5;1;1;4;1;1;1;0.5;1;0.5;0.5;1;78;468;75;73;110;Whiscash;76;71;60;water;ground;3;0
1;1;1;2;1;1;0.5;1;1;2;1;0.5;1;1;1;1;0.5;0.5;80;308;205;65;43;Corphish;50;35;35;water;;3;0
2;0.5;1;2;2;2;0.5;1;0.5;2;1;0.5;1;1;0;1;0.5;0.5;120;468;155;85;63;Crawdaunt;90;55;55;water;dark;3;0
2;2;1;0;1;0.5;1;1;2;2;1;2;1;0.5;0.5;0.5;1;2;40;300;255;55;40;Baltoy;40;70;55;ground;psychic;3;0
2;2;1;0;1;0.5;1;1;2;2;1;2;1;0.5;0.5;0.5;1;2;70;500;90;105;60;Claydol;70;120;75;ground;psychic;3;0
2;1;1;0.5;1;2;1;1;1;1;1;2;0.5;1;1;1;2;1;41;355;45;77;66;Lileep;61;87;23;rock;grass;3;0
2;1;1;0.5;1;2;1;1;1;1;1;2;0.5;1;1;1;2;1;81;495;45;97;86;Cradily;81;107;43;rock;grass;3;0
1;1;1;1;1;1;1;1;1;1;1;1;0.5;0.5;1;2;2;2;95;355;45;50;45;Anorith;40;50;75;rock;bug;3;0
1;1;1;1;1;1;1;1;1;1;1;1;0.5;0.5;1;2;2;2;125;495;45;100;75;Armaldo;70;80;45;rock;bug;3;0
1;1;1;2;1;1;0.5;1;1;2;1;0.5;1;1;1;1;0.5;0.5;15;200;255;20;20;Feebas;10;55;80;water;;3;0
1;1;1;2;1;1;0.5;1;1;2;1;0.5;1;1;1;1;0.5;0.5;60;540;60;79;95;Milotic;100;125;81;water;;3;0
1;1;1;1;1;2;1;1;0;1;1;1;1;1;1;1;1;1;70;420;45;70;70;Castform;70;70;70;normal;;3;0
1;1;1;1;1;2;1;1;0;1;1;1;1;1;1;1;1;1;90;440;200;70;60;Kecleon;60;120;40;normal;;3;0
0.5;2;1;1;1;0;1;1;2;1;1;1;0;0.5;1;1;1;1;75;295;225;35;44;Shuppet;63;33;45;ghost;;3;0
0.5;2;1;1;1;0;1;1;2;1;1;1;0;0.5;1;1;1;1;165;555;45;75;64;Banette;93;83;75;ghost;;3;0
0.5;2;1;1;1;0;1;1;2;1;1;1;0;0.5;1;1;1;1;40;295;190;90;20;Duskull;30;90;25;ghost;;3;0
0.5;2;1;1;1;0;1;1;2;1;1;1;0;0.5;1;1;1;1;70;455;90;130;40;Dusclops;60;130;25;ghost;;3;0
1;1;1;1;1;0.5;2;2;1;0.25;0;4;1;2;1;2;1;0.5;68;460;200;83;99;Tropius;72;87;51;grass;flying;3;0
2;2;1;1;1;0.5;1;1;2;1;1;1;1;1;0.5;1;1;1;50;455;45;80;75;Chimecho;95;90;65;psychic;;3;0
2;0.5;1;1;2;2;1;1;0.5;1;1;1;1;1;0;1;1;1;150;565;30;60;65;Absol;115;60;115;dark;;3;0
2;2;1;1;1;0.5;1;1;2;1;1;1;1;1;0.5;1;1;1;23;260;125;48;95;Wynaut;23;48;23;psychic;;3;0
1;1;1;1;1;2;2;1;1;1;1;0.5;1;1;1;2;2;1;50;300;190;50;50;Snorunt;50;50;50;ice;;3;0
1;1;1;1;1;2;2;1;1;1;1;0.5;1;1;1;2;2;1;120;580;75;80;80;Glalie;120;80;100;ice;;3;0
1;1;1;2;1;2;1;1;1;2;1;0.25;1;1;1;2;1;0.5;40;290;255;50;70;Spheal;55;50;25;ice;water;3;0
1;1;1;2;1;2;1;1;1;2;1;0.25;1;1;1;2;1;0.5;60;410;120;70;90;Sealeo;75;70;45;ice;water;3;0
1;1;1;2;1;2;1;1;1;2;1;0.25;1;1;1;2;1;0.5;80;530;45;90;110;Walrein;95;90;65;ice;water;3;0
1;1;1;2;1;1;0.5;1;1;2;1;0.5;1;1;1;1;0.5;0.5;64;345;255;85;35;Clamperl;74;55;32;water;;3;0
1;1;1;2;1;1;0.5;1;1;2;1;0.5;1;1;1;1;0.5;0.5;104;485;60;105;55;Huntail;94;75;52;water;;3;0
1;1;1;2;1;1;0.5;1;1;2;1;0.5;1;1;1;1;0.5;0.5;84;485;60;105;55;Gorebyss;114;75;52;water;;3;0
1;1;1;2;1;2;0.25;0.5;1;4;2;0.5;0.5;0.5;1;1;1;1;90;485;25;130;100;Relicanth;45;65;55;water;rock;3;0
1;1;1;2;1;1;0.5;1;1;2;1;0.5;1;1;1;1;0.5;0.5;30;330;225;55;43;Luvdisc;40;65;97;water;;3;0
1;1;2;0.5;2;1;0.5;1;1;0.5;1;2;1;1;1;1;1;0.5;75;300;45;60;45;Bagon;40;30;50;dragon;;3;0
1;1;2;0.5;2;1;0.5;1;1;0.5;1;2;1;1;1;1;1;0.5;95;420;45;100;65;Shelgon;60;50;50;dragon;;3;0
0.5;1;2;1;2;0.5;0.5;1;1;0.25;0;4;1;1;1;2;1;0.5;145;700;45;130;95;Salamence;120;90;120;dragon;flying;3;0
1;2;0.5;1;0.5;1;2;0.5;2;0.5;2;0.5;0.5;0;0.25;0.5;0.5;1;55;300;3;80;40;Beldum;35;60;30;steel;psychic;3;0
1;2;0.5;1;0.5;1;2;0.5;2;0.5;2;0.5;0.5;0;0.25;0.5;0.5;1;75;420;3;100;60;Metang;55;80;50;steel;psychic;3;0
1;2;0.5;1;0.5;1;2;0.5;2;0.5;2;0.5;0.5;0;0.25;0.5;0.5;1;145;700;3;150;80;Metagross;105;110;110;steel;psychic;3;0
1;1;1;1;1;2;0.5;0.5;1;2;2;1;0.5;0.5;1;1;2;2;100;580;3;200;80;Regirock;50;100;50;rock;;3;1
1;1;1;1;1;2;2;1;1;1;1;0.5;1;1;1;2;2;1;50;580;3;100;80;Regice;100;200;50;ice;;3;1
0.5;1;0.5;1;0.5;2;2;0.5;1;0.5;2;0.5;0.5;0;0.5;0.5;0.5;1;75;580;3;150;80;Registeel;75;150;50;steel;;3;1
2;2;2;0.5;2;0.5;0.5;1;2;0.5;1;2;1;1;0.5;1;1;0.5;100;700;3;120;80;Latias;140;150;110;dragon;psychic;3;1
2;2;2;0.5;2;0.5;0.5;1;2;0.5;1;2;1;1;0.5;1;1;0.5;130;700;3;100;80;Latios;160;120;110;dragon;psychic;3;1
1;1;1;2;1;1;0.5;1;1;2;1;0.5;1;1;1;1;0.5;0.5;150;770;3;90;100;Kyogre;180;160;90;water;;3;1
1;1;1;0;1;1;1;1;1;2;1;2;1;0.5;1;0.5;1;2;180;770;3;160;100;Groudon;150;90;90;ground;;3;1
0.5;1;2;1;2;0.5;0.5;1;1;0.25;0;4;1;1;1;2;1;0.5;180;780;45;100;105;Rayquaza;180;100;115;dragon;flying;3;1
1;2;0.5;1;0.5;1;2;0.5;2;0.5;2;0.5;0.5;0;0.25;0.5;0.5;1;100;600;3;100;100;Jirachi;100;100;100;steel;psychic;3;1
2;2;1;1;1;0.5;1;1;2;1;1;1;1;1;0.5;1;1;1;95;600;3;90;50;Deoxys;95;90;180;psychic;;3;1
2;1;1;0.5;1;1;2;2;1;0.5;0.5;2;1;2;1;1;1;0.5;68;318;45;64;55;Turtwig;45;55;31;grass;;4;0
2;1;1;0.5;1;1;2;2;1;0.5;0.5;2;1;2;1;1;1;0.5;89;405;45;85;75;Grotle;55;65;36;grass;;4;0
2;1;1;0;1;1;2;2;1;1;0.5;4;1;1;1;0.5;1;1;109;525;45;105;95;Torterra;75;85;56;grass;ground;4;0
0.5;1;1;1;0.5;1;0.5;1;1;0.5;2;0.5;1;1;1;2;0.5;2;58;309;45;44;44;Chimchar;58;44;61;fire;;4;0
0.25;0.5;1;1;1;1;0.5;2;1;0.5;2;0.5;1;1;2;1;0.5;2;78;405;45;52;64;Monferno;78;52;81;fire;fighting;4;0
0.25;0.5;1;1;1;1;0.5;2;1;0.5;2;0.5;1;1;2;1;0.5;2;104;534;45;71;76;Infernape;104;71;108;fire;fighting;4;0
1;1;1;2;1;1;0.5;1;1;2;1;0.5;1;1;1;1;0.5;0.5;51;314;45;53;53;Piplup;61;56;40;water;;4;0
1;1;1;2;1;1;0.5;1;1;2;1;0.5;1;1;1;1;0.5;0.5;66;405;45;68;64;Prinplup;81;76;50;water;;4;0
0.5;1;0.5;2;0.5;2;1;0.5;1;1;2;0.25;0.5;0;0.5;0.5;0.25;0.5;86;530;45;88;84;Empoleon;111;101;60;water;steel;4;0
0.5;1;1;2;1;1;1;1;0;0.5;0;2;1;1;1;2;1;1;55;245;255;30;40;Starly;30;30;60;normal;flying;4;0
0.5;1;1;2;1;1;1;1;0;0.5;0;2;1;1;1;2;1;1;75;340;120;50;55;Staravia;40;40;80;normal;flying;4;0
0.5;1;1;2;1;1;1;1;0;0.5;0;2;1;1;1;2;1;1;120;485;45;70;85;Staraptor;50;60;100;normal;flying;4;0
1;1;1;1;1;2;1;1;0;1;1;1;1;1;1;1;1;1;45;250;255;40;59;Bidoof;35;40;31;normal;;4;0
1;1;1;2;1;2;0.5;1;0;2;1;0.5;1;1;1;1;0.5;0.5;85;410;127;60;79;Bibarel;55;60;71;normal;water;4;0
1;1;1;1;1;0.5;2;2;1;0.5;0.5;1;1;1;1;2;1;1;25;194;255;41;37;Kricketot;25;41;25;bug;;4;0
1;1;1;1;1;0.5;2;2;1;0.5;0.5;1;1;1;1;2;1;1;85;384;45;51;77;Kricketune;55;51;65;bug;;4;0
1;1;1;0.5;1;1;1;0.5;1;1;2;1;1;1;1;1;0.5;1;65;263;235;34;45;Shinx;40;34;45;electric;;4;0
1;1;1;0.5;1;1;1;0.5;1;1;2;1;1;1;1;1;0.5;1;85;363;120;49;60;Luxio;60;49;60;electric;;4;0
1;1;1;0.5;1;1;1;0.5;1;1;2;1;1;1;1;1;0.5;1;120;523;45;79;80;Luxray;95;79;70;electric;;4;0
1;1;1;0.5;0.5;0.5;2;2;1;0.25;1;2;1;1;2;1;1;0.5;30;280;255;35;40;Budew;50;70;55;grass;poison;4;0
1;1;1;0.5;0.5;0.5;2;2;1;0.25;1;2;1;1;2;1;1;0.5;70;515;75;65;60;Roserade;125;105;90;grass;poison;4;0
1;1;1;1;1;2;0.5;0.5;1;2;2;1;0.5;0.5;1;1;2;2;125;350;45;40;67;Cranidos;30;30;58;rock;;4;0
1;1;1;1;1;2;0.5;0.5;1;2;2;1;0.5;0.5;1;1;2;2;165;495;45;60;97;Rampardos;65;50;58;rock;;4;0
0.5;1;0.5;1;0.5;4;1;0.25;1;1;4;0.5;0.25;0;0.5;0.5;1;2;42;350;45;118;30;Shieldon;42;88;30;rock;steel;4;0
0.5;1;0.5;1;0.5;4;1;0.25;1;1;4;0.5;0.25;0;0.5;0.5;1;2;52;495;45;168;60;Bastiodon;47;138;30;rock;steel;4;0
1;1;1;1;1;0.5;2;2;1;0.5;0.5;1;1;1;1;2;1;1;29;224;120;45;40;Burmy;29;45;36;bug;;4;0
2;1;1;0.5;1;0.5;4;4;1;0.25;0.25;2;1;2;1;2;1;0.5;69;424;45;95;60;Wormadam;69;95;36;bug;grass;4;0
0.5;1;1;2;1;0.25;2;2;1;0.25;0;2;1;1;1;4;1;1;94;424;45;50;70;Mothim;94;50;66;bug;flying;4;0
0.5;1;1;2;1;0.25;2;2;1;0.25;0;2;1;1;1;4;1;1;30;244;120;42;30;Combee;30;42;70;bug;flying;4;0
0.5;1;1;2;1;0.25;2;2;1;0.25;0;2;1;1;1;4;1;1;80;474;45;102;70;Vespiquen;80;102;40;bug;flying;4;0
1;1;1;0.5;1;1;1;0.5;1;1;2;1;1;1;1;1;0.5;1;45;405;200;70;60;Pachirisu;45;90;95;electric;;4;0
1;1;1;2;1;1;0.5;1;1;2;1;0.5;1;1;1;1;0.5;0.5;65;330;190;35;55;Buizel;60;30;85;water;;4;0
1;1;1;2;1;1;0.5;1;1;2;1;0.5;1;1;1;1;0.5;0.5;105;495;75;55;85;Floatzel;85;50;115;water;;4;0
2;1;1;0.5;1;1;2;2;1;0.5;0.5;2;1;2;1;1;1;0.5;35;275;190;45;45;Cherubi;62;53;35;grass;;4;0
2;1;1;0.5;1;1;2;2;1;0.5;0.5;2;1;2;1;1;1;0.5;60;450;75;70;70;Cherrim;87;78;85;grass;;4;0
1;1;1;2;1;1;0.5;1;1;2;1;0.5;1;1;1;1;0.5;0.5;48;325;190;48;76;Shellos;57;62;34;water;;4;0
1;1;1;0;1;1;0.5;1;1;4;1;1;1;0.5;1;0.5;0.5;1;83;475;75;68;111;Gastrodon;92;82;39;water;ground;4;0
1;1;1;1;1;2;1;1;0;1;1;1;1;1;1;1;1;1;100;482;45;66;75;Ambipom;60;66;115;normal;;4;0
0.25;2;1;2;1;0;1;1;2;0.5;0;2;0;0.5;1;2;1;1;50;348;125;34;90;Drifloon;60;44;70;ghost;flying;4;0
0.25;2;1;2;1;0;1;1;2;0.5;0;2;0;0.5;1;2;1;1;80;498;60;44;150;Drifblim;90;54;80;ghost;flying;4;0
1;1;1;1;1;2;1;1;0;1;1;1;1;1;1;1;1;1;66;350;190;44;55;Buneary;44;56;85;normal;;4;0
1;1;1;1;1;2;1;1;0;1;1;1;1;1;1;1;1;1;136;580;60;94;65;Lopunny;54;96;135;normal;;4;0
0.5;2;1;1;1;0;1;1;2;1;1;1;0;0.5;1;1;1;1;60;495;45;60;60;Mismagius;105;105;105;ghost;;4;0
1;0.5;1;2;2;1;1;1;0.5;0.5;0;2;1;1;0;2;1;1;125;505;30;52;100;Honchkrow;105;52;71;dark;flying;4;0
1;1;1;1;1;2;1;1;0;1;1;1;1;1;1;1;1;1;55;310;190;42;49;Glameow;42;37;85;normal;;4;0
1;1;1;1;1;2;1;1;0;1;1;1;1;1;1;1;1;1;82;452;75;64;71;Purugly;64;59;112;normal;;4;0
2;2;1;1;1;0.5;1;1;2;1;1;1;1;1;0.5;1;1;1;30;285;120;50;45;Chingling;65;50;45;psychic;;4;0
1;0.5;1;1;1;1;1;1;0.5;0.5;2;1;1;0.5;0;1;1;1;63;329;225;47;63;Stunky;41;41;74;poison;dark;4;0
1;0.5;1;1;1;1;1;1;0.5;0.5;2;1;1;0.5;0;1;1;1;93;479;60;67;103;Skuntank;71;61;84;poison;dark;4;0
1;2;0.5;1;0.5;1;2;0.5;2;0.5;2;0.5;0.5;0;0.25;0.5;0.5;1;24;300;255;86;57;Bronzor;24;86;23;steel;psychic;4;0
1;2;0.5;1;0.5;1;2;0.5;2;0.5;2;0.5;0.5;0;0.25;0.5;0.5;1;89;500;90;116;67;Bronzong;79;116;33;steel;psychic;4;0
1;1;1;1;1;2;0.5;0.5;1;2;2;1;0.5;0.5;1;1;2;2;80;290;255;95;50;Bonsly;10;45;10;rock;;4;0
1;1;0;1;1;0.25;1;1;2;1;1;1;1;2;0.5;1;2;1;25;310;145;45;20;Mime Jr.;70;90;60;psychic;fairy;4;0
1;1;1;1;1;2;1;1;0;1;1;1;1;1;1;1;1;1;5;220;130;5;100;Happiny;15;65;30;normal;;4;0
0.5;1;1;2;1;1;1;1;0;0.5;0;2;1;1;1;2;1;1;65;411;30;45;76;Chatot;92;42;91;normal;flying;4;0
1;1;1;1;2;0;1;1;1;1;1;1;0;0.5;0;1;1;1;92;485;100;108;50;Spiritomb;92;108;35;ghost;dark;4;0
1;1;2;0;2;1;0.5;1;1;1;1;4;1;0.5;1;0.5;1;1;70;300;45;45;58;Gible;40;45;42;dragon;ground;4;0
1;1;2;0;2;1;0.5;1;1;1;1;4;1;0.5;1;0.5;1;1;90;410;45;65;68;Gabite;50;55;82;dragon;ground;4;0
1;1;2;0;2;1;0.5;1;1;1;1;4;1;0.5;1;0.5;1;1;170;700;45;115;108;Garchomp;120;95;92;dragon;ground;4;0
1;1;1;1;1;2;1;1;0;1;1;1;1;1;1;1;1;1;85;390;50;40;135;Munchlax;40;85;5;normal;;4;0
0.5;0.5;1;1;2;1;1;2;1;1;1;1;1;1;2;0.5;1;1;70;285;75;40;40;Riolu;35;40;60;fighting;;4;0
0.25;0.5;0.5;1;1;2;2;1;1;0.5;2;0.5;0.5;0;1;0.25;0.5;1;145;625;45;88;70;Lucario;140;70;112;fighting;steel;4;0
1;1;1;0;1;1;1;1;1;2;1;2;1;0.5;1;0.5;1;2;72;330;140;78;68;Hippopotas;38;42;32;ground;;4;0
1;1;1;0;1;1;1;1;1;2;1;2;1;0.5;1;0.5;1;2;112;525;60;118;108;Hippowdon;68;72;47;ground;;4;0
0.5;1;1;1;0.5;0.25;2;2;1;0.25;1;1;1;0.5;2;2;1;1;50;330;120;90;40;Skorupi;30;55;65;poison;bug;4;0
1;0.5;1;1;1;1;1;1;0.5;0.5;2;1;1;0.5;0;1;1;1;90;500;45;110;70;Drapion;60;75;95;poison;dark;4;0
0.25;0.5;1;1;1;0.5;1;2;1;0.5;2;1;1;0.5;4;0.5;1;1;61;300;140;40;48;Croagunk;61;40;50;poison;fighting;4;0
0.25;0.5;1;1;1;0.5;1;2;1;0.5;2;1;1;0.5;4;0.5;1;1;106;490;75;65;83;Toxicroak;86;65;85;poison;fighting;4;0
2;1;1;0.5;1;1;2;2;1;0.5;0.5;2;1;2;1;1;1;0.5;100;454;200;72;74;Carnivine;90;72;46;grass;;4;0
1;1;1;2;1;1;0.5;1;1;2;1;0.5;1;1;1;1;0.5;0.5;49;330;190;56;49;Finneon;49;61;66;water;;4;0
1;1;1;2;1;1;0.5;1;1;2;1;0.5;1;1;1;1;0.5;0.5;69;460;75;76;69;Lumineon;69;86;91;water;;4;0
0.5;1;1;4;1;0.5;0.5;1;1;1;0;1;1;1;1;2;0.5;0.5;20;345;25;50;45;Mantyke;60;120;50;water;flying;4;0
2;1;1;0.5;1;2;4;2;1;0.5;0.5;1;1;2;1;2;2;0.5;62;334;120;50;60;Snover;62;60;40;grass;ice;4;0
2;1;1;0.5;1;2;4;2;1;0.5;0.5;1;1;2;1;2;2;0.5;132;594;60;105;90;Abomasnow;132;105;30;grass;ice;4;0
2;0.5;1;1;2;4;2;1;0.5;1;1;0.5;1;1;0;2;2;1;120;510;45;65;70;Weavile;45;85;125;dark;ice;4;0
0.5;1;0.5;0.5;0.5;2;2;0.25;1;0.5;4;0.5;0.5;0;0.5;0.5;0.25;1;70;535;30;115;70;Magnezone;130;90;60;electric;steel;4;0
1;1;1;1;1;2;1;1;0;1;1;1;1;1;1;1;1;1;85;515;30;95;110;Lickilicky;80;95;50;normal;;4;0
1;1;1;0;1;2;0.5;0.5;1;4;2;2;0.5;0.25;1;0.5;2;4;140;535;30;130;115;Rhyperior;55;55;40;ground;rock;4;0
2;1;1;0.5;1;1;2;2;1;0.5;0.5;2;1;2;1;1;1;0.5;100;535;30;125;100;Tangrowth;110;50;50;grass;;4;0
1;1;1;0.5;1;1;1;0.5;1;1;2;1;1;1;1;1;0.5;1;123;540;30;67;75;Electivire;95;85;95;electric;;4;0
0.5;1;1;1;0.5;1;0.5;1;1;0.5;2;0.5;1;1;1;2;0.5;2;95;540;30;67;75;Magmortar;125;95;83;fire;;4;0
0.25;0.5;0;2;1;0.25;1;1;1;0.5;0;2;1;2;1;2;2;1;50;545;30;95;85;Togekiss;120;115;80;fairy;flying;4;0
0.5;1;1;2;1;0.25;2;2;1;0.25;0;2;1;1;1;4;1;1;76;515;30;86;86;Yanmega;116;56;95;bug;flying;4;0
2;1;1;0.5;1;1;2;2;1;0.5;0.5;2;1;2;1;1;1;0.5;110;525;45;130;65;Leafeon;60;65;95;grass;;4;0
1;1;1;1;1;2;2;1;1;1;1;0.5;1;1;1;2;2;1;60;525;45;110;65;Glaceon;130;95;65;ice;;4;0
0.5;1;1;0;1;0.5;1;1;1;1;0;4;1;0.5;1;1;1;2;95;510;30;125;75;Gliscor;45;75;95;ground;flying;4;0
1;1;1;0;1;2;2;1;1;2;1;1;1;0.5;1;1;2;2;130;530;50;80;110;Mamoswine;70;60;80;ice;ground;4;0
1;1;1;1;1;2;1;1;0;1;1;1;1;1;1;1;1;1;80;535;30;70;85;Porygon-Z;135;75;90;normal;;4;0
1;1;1;1;2;0.5;1;2;2;1;1;1;1;1;1;0.5;1;1;165;618;45;95;68;Gallade;65;115;110;psychic;fighting;4;0
0.5;1;0.5;1;0.5;4;1;0.25;1;1;4;0.5;0.25;0;0.5;0.5;1;2;55;525;60;145;60;Probopass;75;150;40;rock;steel;4;0
0.5;2;1;1;1;0;1;1;2;1;1;1;0;0.5;1;1;1;1;100;525;45;135;45;Dusknoir;65;135;45;ghost;;4;0
0.5;2;1;1;1;0;2;1;2;1;1;0.5;0;0.5;1;2;2;1;80;480;75;70;70;Froslass;80;70;110;ice;ghost;4;0
0.5;2;1;0.5;1;0;1;0.5;2;1;2;1;0;0.5;1;1;0.5;1;65;520;45;107;50;Rotom;105;107;86;electric;ghost;4;0
2;2;1;1;1;0.5;1;1;2;1;1;1;1;1;0.5;1;1;1;75;580;3;130;75;Uxie;75;130;95;psychic;;4;1
2;2;1;1;1;0.5;1;1;2;1;1;1;1;1;0.5;1;1;1;105;580;3;105;80;Mesprit;105;105;80;psychic;;4;1
2;2;1;1;1;0.5;1;1;2;1;1;1;1;1;0.5;1;1;1;125;580;3;70;75;Azelf;125;70;115;psychic;;4;1
0.5;1;1;0.5;1;2;1;0.5;1;0.25;2;1;0.5;0;0.5;0.5;0.5;0.5;120;680;3;120;100;Dialga;150;100;90;steel;dragon;4;1
1;1;2;1;2;1;0.25;1;1;1;1;1;1;1;1;1;0.5;0.25;120;680;3;100;90;Palkia;150;120;100;water;dragon;4;1
0.25;1;0.5;1;0.25;2;1;0.5;1;0.25;4;0.25;0.5;0;0.5;1;0.25;2;90;600;3;106;91;Heatran;130;106;77;fire;steel;4;1
1;1;1;1;1;2;1;1;0;1;1;1;1;1;1;1;1;1;160;670;3;110;110;Regigigas;80;110;100;normal;;4;1
0.5;2;2;0.5;2;0;0.5;1;2;0.5;1;2;0;0.5;1;1;1;0.5;120;680;3;100;150;Giratina;120;100;90;ghost;dragon;4;1
2;2;1;1;1;0.5;1;1;2;1;1;1;1;1;0.5;1;1;1;70;600;3;120;120;Cresselia;75;130;85;psychic;;4;1
1;1;1;2;1;1;0.5;1;1;2;1;0.5;1;1;1;1;0.5;0.5;80;480;30;80;80;Phione;80;80;80;water;;4;0
1;1;1;2;1;1;0.5;1;1;2;1;0.5;1;1;1;1;0.5;0.5;100;600;3;100;100;Manaphy;100;100;100;water;;4;1
2;0.5;1;1;2;2;1;1;0.5;1;1;1;1;1;0;1;1;1;90;600;3;90;70;Darkrai;135;90;125;dark;;4;1
2;1;1;0.5;1;1;2;2;1;0.5;0.5;2;1;2;1;1;1;0.5;103;600;45;75;100;Shaymin;120;75;127;grass;grass;4;1
1;1;1;1;1;2;1;1;0;1;1;1;1;1;1;1;1;1;120;720;3;120;120;Arceus;120;120;120;normal;;4;1
1;2;1;1;0.5;0.5;0.5;1;2;0.5;2;0.5;1;1;0.5;2;0.5;2;100;600;3;100;100;Victini;100;100;100;psychic;fire;5;1
2;1;1;0.5;1;1;2;2;1;0.5;0.5;2;1;2;1;1;1;0.5;45;308;45;55;45;Snivy;45;55;63;grass;;5;0
2;1;1;0.5;1;1;2;2;1;0.5;0.5;2;1;2;1;1;1;0.5;60;413;45;75;60;Servine;60;75;83;grass;;5;0
2;1;1;0.5;1;1;2;2;1;0.5;0.5;2;1;2;1;1;1;0.5;75;528;45;95;75;Serperior;75;95;113;grass;;5;0
0.5;1;1;1;0.5;1;0.5;1;1;0.5;2;0.5;1;1;1;2;0.5;2;63;308;45;45;65;Tepig;45;45;45;fire;;5;0
0.25;0.5;1;1;1;1;0.5;2;1;0.5;2;0.5;1;1;2;1;0.5;2;93;418;45;55;90;Pignite;70;55;55;fire;fighting;5;0
0.25;0.5;1;1;1;1;0.5;2;1;0.5;2;0.5;1;1;2;1;0.5;2;123;528;45;65;110;Emboar;100;65;65;fire;fighting;5;0
1;1;1;2;1;1;0.5;1;1;2;1;0.5;1;1;1;1;0.5;0.5;55;308;45;45;55;Oshawott;63;45;45;water;;5;0
1;1;1;2;1;1;0.5;1;1;2;1;0.5;1;1;1;1;0.5;0.5;75;413;45;60;75;Dewott;83;60;60;water;;5;0
1;1;1;2;1;1;0.5;1;1;2;1;0.5;1;1;1;1;0.5;0.5;100;528;45;85;95;Samurott;108;70;70;water;;5;0
1;1;1;1;1;2;1;1;0;1;1;1;1;1;1;1;1;1;55;255;255;39;45;Patrat;35;39;42;normal;;5;0
1;1;1;1;1;2;1;1;0;1;1;1;1;1;1;1;1;1;85;420;255;69;60;Watchog;60;69;77;normal;;5;0
1;1;1;1;1;2;1;1;0;1;1;1;1;1;1;1;1;1;60;275;255;45;45;Lillipup;25;45;55;normal;;5;0
1;1;1;1;1;2;1;1;0;1;1;1;1;1;1;1;1;1;80;370;120;65;65;Herdier;35;65;60;normal;;5;0
1;1;1;1;1;2;1;1;0;1;1;1;1;1;1;1;1;1;110;500;45;90;85;Stoutland;45;90;80;normal;;5;0
2;0.5;1;1;2;2;1;1;0.5;1;1;1;1;1;0;1;1;1;50;281;255;37;41;Purrloin;50;37;66;dark;;5;0
2;0.5;1;1;2;2;1;1;0.5;1;1;1;1;1;0;1;1;1;88;446;90;50;64;Liepard;88;50;106;dark;;5;0
2;1;1;0.5;1;1;2;2;1;0.5;0.5;2;1;2;1;1;1;0.5;53;316;190;48;50;Pansage;53;48;64;grass;;5;0
2;1;1;0.5;1;1;2;2;1;0.5;0.5;2;1;2;1;1;1;0.5;98;498;75;63;75;Simisage;98;63;101;grass;;5;0
0.5;1;1;1;0.5;1;0.5;1;1;0.5;2;0.5;1;1;1;2;0.5;2;53;316;190;48;50;Pansear;53;48;64;fire;;5;0
0.5;1;1;1;0.5;1;0.5;1;1;0.5;2;0.5;1;1;1;2;0.5;2;98;498;75;63;75;Simisear;98;63;101;fire;;5;0
1;1;1;2;1;1;0.5;1;1;2;1;0.5;1;1;1;1;0.5;0.5;53;316;190;48;50;Panpour;53;48;64;water;;5;0
1;1;1;2;1;1;0.5;1;1;2;1;0.5;1;1;1;1;0.5;0.5;98;498;75;63;75;Simipour;98;63;101;water;;5;0
2;2;1;1;1;0.5;1;1;2;1;1;1;1;1;0.5;1;1;1;25;292;190;45;76;Munna;67;55;24;psychic;;5;0
2;2;1;1;1;0.5;1;1;2;1;1;1;1;1;0.5;1;1;1;55;487;75;85;116;Musharna;107;95;29;psychic;;5;0
0.5;1;1;2;1;1;1;1;0;0.5;0;2;1;1;1;2;1;1;55;264;255;50;50;Pidove;36;30;43;normal;flying;5;0
0.5;1;1;2;1;1;1;1;0;0.5;0;2;1;1;1;2;1;1;77;358;120;62;62;Tranquill;50;42;65;normal;flying;5;0
0.5;1;1;2;1;1;1;1;0;0.5;0;2;1;1;1;2;1;1;115;488;45;80;80;Unfezant;65;55;93;normal;flying;5;0
1;1;1;0.5;1;1;1;0.5;1;1;2;1;1;1;1;1;0.5;1;60;295;190;32;45;Blitzle;50;32;76;electric;;5;0
1;1;1;0.5;1;1;1;0.5;1;1;2;1;1;1;1;1;0.5;1;100;497;75;63;75;Zebstrika;80;63;116;electric;;5;0
1;1;1;1;1;2;0.5;0.5;1;2;2;1;0.5;0.5;1;1;2;2;75;280;255;85;55;Roggenrola;25;25;15;rock;;5;0
1;1;1;1;1;2;0.5;0.5;1;2;2;1;0.5;0.5;1;1;2;2;105;390;120;105;70;Boldore;50;40;20;rock;;5;0
1;1;1;1;1;2;0.5;0.5;1;2;2;1;0.5;0.5;1;1;2;2;135;515;45;130;85;Gigalith;60;80;25;rock;;5;0
1;2;1;2;1;0.25;1;1;2;0.5;0;2;1;1;0.5;2;1;1;45;323;190;43;65;Woobat;55;43;72;psychic;flying;5;0
1;2;1;2;1;0.25;1;1;2;0.5;0;2;1;1;0.5;2;1;1;57;425;45;55;67;Swoobat;77;55;114;psychic;flying;5;0
1;1;1;0;1;1;1;1;1;2;1;2;1;0.5;1;0.5;1;2;85;328;120;40;60;Drilbur;30;45;68;ground;;5;0
0.5;1;0.5;0;0.5;2;2;0.5;1;1;2;1;0.5;0;0.5;0.25;0.5;2;135;508;60;60;110;Excadrill;50;65;88;ground;steel;5;0
1;1;1;1;1;2;1;1;0;1;1;1;1;1;1;1;1;1;60;545;255;126;103;Audino;80;126;50;normal;;5;0
0.5;0.5;1;1;2;1;1;2;1;1;1;1;1;1;2;0.5;1;1;80;305;180;55;75;Timburr;25;35;35;fighting;;5;0
0.5;0.5;1;1;2;1;1;2;1;1;1;1;1;1;2;0.5;1;1;105;405;90;85;85;Gurdurr;40;50;40;fighting;;5;0
0.5;0.5;1;1;2;1;1;2;1;1;1;1;1;1;2;0.5;1;1;140;505;45;95;105;Conkeldurr;55;65;45;fighting;;5;0
1;1;1;2;1;1;0.5;1;1;2;1;0.5;1;1;1;1;0.5;0.5;50;294;255;40;50;Tympole;50;40;64;water;;5;0
1;1;1;0;1;1;0.5;1;1;4;1;1;1;0.5;1;0.5;0.5;1;65;384;120;55;75;Palpitoad;65;55;69;water;ground;5;0
1;1;1;0;1;1;0.5;1;1;4;1;1;1;0.5;1;0.5;0.5;1;95;509;45;75;105;Seismitoad;85;75;74;water;ground;5;0
0.5;0.5;1;1;2;1;1;2;1;1;1;1;1;1;2;0.5;1;1;100;465;45;85;120;Throh;30;85;45;fighting;;5;0
0.5;0.5;1;1;2;1;1;2;1;1;1;1;1;1;2;0.5;1;1;125;465;45;75;75;Sawk;30;75;85;fighting;;5;0
2;1;1;0.5;1;0.5;4;4;1;0.25;0.25;2;1;2;1;2;1;0.5;53;310;255;70;45;Sewaddle;40;60;42;bug;grass;5;0
2;1;1;0.5;1;0.5;4;4;1;0.25;0.25;2;1;2;1;2;1;0.5;63;380;120;90;55;Swadloon;50;80;42;bug;grass;5;0
2;1;1;0.5;1;0.5;4;4;1;0.25;0.25;2;1;2;1;2;1;0.5;103;500;45;80;75;Leavanny;70;80;92;bug;grass;5;0
0.5;1;1;1;0.5;0.25;2;2;1;0.25;1;1;1;0.5;2;2;1;1;45;260;255;59;30;Venipede;30;39;57;bug;poison;5;0
0.5;1;1;1;0.5;0.25;2;2;1;0.25;1;1;1;0.5;2;2;1;1;55;360;120;99;40;Whirlipede;40;79;47;bug;poison;5;0
0.5;1;1;1;0.5;0.25;2;2;1;0.25;1;1;1;0.5;2;2;1;1;100;485;45;89;60;Scolipede;55;69;112;bug;poison;5;0
1;0.5;0;0.5;1;0.5;2;2;1;0.5;0.5;2;1;4;1;1;2;0.5;27;280;190;60;40;Cottonee;37;50;66;grass;fairy;5;0
1;0.5;0;0.5;1;0.5;2;2;1;0.5;0.5;2;1;4;1;1;2;0.5;67;480;75;85;60;Whimsicott;77;75;116;grass;fairy;5;0
2;1;1;0.5;1;1;2;2;1;0.5;0.5;2;1;2;1;1;1;0.5;35;280;190;50;45;Petilil;70;50;30;grass;;5;0
2;1;1;0.5;1;1;2;2;1;0.5;0.5;2;1;2;1;1;1;0.5;60;480;75;75;70;Lilligant;110;75;90;grass;;5;0
1;1;1;2;1;1;0.5;1;1;2;1;0.5;1;1;1;1;0.5;0.5;92;460;25;65;70;Basculin;80;55;98;water;;5;0
2;0.5;1;0;2;2;1;1;0.5;2;1;2;1;0.5;0;0.5;1;2;72;292;180;35;50;Sandile;35;35;65;ground;dark;5;0
2;0.5;1;0;2;2;1;1;0.5;2;1;2;1;0.5;0;0.5;1;2;82;351;90;45;60;Krokorok;45;45;74;ground;dark;5;0
2;0.5;1;0;2;2;1;1;0.5;2;1;2;1;0.5;0;0.5;1;2;117;519;45;80;95;Krookodile;65;70;92;ground;dark;5;0
0.5;1;1;1;0.5;1;0.5;1;1;0.5;2;0.5;1;1;1;2;0.5;2;90;315;120;45;70;Darumaka;15;45;50;fire;;5;0
0.5;1;1;1;0.5;1;0.5;1;1;0.5;2;0.5;1;1;1;2;0.5;2;30;540;60;105;105;Darmanitan;140;105;55;fire;fire;5;0
2;1;1;0.5;1;1;2;2;1;0.5;0.5;2;1;2;1;1;1;0.5;86;461;255;67;75;Maractus;106;67;60;grass;;5;0
1;1;1;1;1;1;1;1;1;1;1;1;0.5;0.5;1;2;2;2;65;325;190;85;50;Dwebble;35;35;55;bug;rock;5;0
1;1;1;1;1;1;1;1;1;1;1;1;0.5;0.5;1;2;2;2;105;485;75;125;70;Crustle;65;75;45;bug;rock;5;0
1;0.25;1;1;4;2;1;2;0.5;1;1;1;1;1;0;0.5;1;1;75;348;180;70;50;Scraggy;35;70;48;dark;fighting;5;0
1;0.25;1;1;4;2;1;2;0.5;1;1;1;1;1;0;0.5;1;1;90;488;90;115;65;Scrafty;45;115;58;dark;fighting;5;0
1;2;1;2;1;0.25;1;1;2;0.5;0;2;1;1;0.5;2;1;1;58;490;45;80;72;Sigilyph;103;80;97;psychic;flying;5;0
0.5;2;1;1;1;0;1;1;2;1;1;1;0;0.5;1;1;1;1;30;303;190;85;38;Yamask;55;65;30;ghost;;5;0
0.5;2;1;1;1;0;1;1;2;1;1;1;0;0.5;1;1;1;1;50;483;90;145;58;Cofagrigus;95;105;30;ghost;;5;0
1;1;1;2;1;2;0.25;0.5;1;4;2;0.5;0.5;0.5;1;1;1;1;78;355;45;103;54;Tirtouga;53;45;22;water;rock;5;0
1;1;1;2;1;2;0.25;0.5;1;4;2;0.5;0.5;0.5;1;1;1;1;108;495;45;133;74;Carracosta;83;65;32;water;rock;5;0
0.5;1;1;2;1;1;0.5;0.5;1;1;0;2;0.5;0.5;1;2;2;2;112;401;45;45;55;Archen;74;45;70;rock;flying;5;0
0.5;1;1;2;1;1;0.5;0.5;1;1;0;2;0.5;0.5;1;2;2;2;140;567;45;65;75;Archeops;112;65;110;rock;flying;5;0
0.5;1;1;1;0.5;0.5;1;1;1;0.5;2;1;1;0.5;2;1;1;1;50;329;190;62;50;Trubbish;40;62;65;poison;;5;0
0.5;1;1;1;0.5;0.5;1;1;1;0.5;2;1;1;0.5;2;1;1;1;95;474;60;82;80;Garbodor;60;82;75;poison;;5;0
2;0.5;1;1;2;2;1;1;0.5;1;1;1;1;1;0;1;1;1;65;330;75;40;40;Zorua;80;40;65;dark;;5;0
2;0.5;1;1;2;2;1;1;0.5;1;1;1;1;1;0;1;1;1;105;510;45;60;60;Zoroark;120;60;105;dark;;5;0
1;1;1;1;1;2;1;1;0;1;1;1;1;1;1;1;1;1;50;300;255;40;55;Minccino;40;40;75;normal;;5;0
1;1;1;1;1;2;1;1;0;1;1;1;1;1;1;1;1;1;95;470;60;60;75;Cinccino;65;60;115;normal;;5;0
2;2;1;1;1;0.5;1;1;2;1;1;1;1;1;0.5;1;1;1;30;290;200;50;45;Gothita;55;65;45;psychic;;5;0
2;2;1;1;1;0.5;1;1;2;1;1;1;1;1;0.5;1;1;1;45;390;100;70;60;Gothorita;75;85;55;psychic;;5;0
2;2;1;1;1;0.5;1;1;2;1;1;1;1;1;0.5;1;1;1;55;490;50;95;70;Gothitelle;95;110;65;psychic;;5;0
2;2;1;1;1;0.5;1;1;2;1;1;1;1;1;0.5;1;1;1;30;290;200;40;45;Solosis;105;50;20;psychic;;5;0
2;2;1;1;1;0.5;1;1;2;1;1;1;1;1;0.5;1;1;1;40;370;100;50;65;Duosion;125;60;30;psychic;;5;0
2;2;1;1;1;0.5;1;1;2;1;1;1;1;1;0.5;1;1;1;65;490;50;75;110;Reuniclus;125;85;30;psychic;;5;0
0.5;1;1;4;1;0.5;0.5;1;1;1;0;1;1;1;1;2;0.5;0.5;44;305;190;50;62;Ducklett;44;50;55;water;flying;5;0
0.5;1;1;4;1;0.5;0.5;1;1;1;0;1;1;1;1;2;0.5;0.5;87;473;45;63;75;Swanna;87;63;98;water;flying;5;0
1;1;1;1;1;2;2;1;1;1;1;0.5;1;1;1;2;2;1;50;305;255;50;36;Vanillite;65;60;44;ice;;5;0
1;1;1;1;1;2;2;1;1;1;1;0.5;1;1;1;2;2;1;65;395;120;65;51;Vanillish;80;75;59;ice;;5;0
1;1;1;1;1;2;2;1;1;1;1;0.5;1;1;1;2;2;1;95;535;45;85;71;Vanilluxe;110;95;79;ice;;5;0
2;1;1;0.5;1;2;2;2;0;0.5;0.5;2;1;2;1;1;1;0.5;60;335;190;50;60;Deerling;40;50;75;normal;grass;5;0
2;1;1;0.5;1;2;2;2;0;0.5;0.5;2;1;2;1;1;1;0.5;100;475;75;70;80;Sawsbuck;60;70;95;normal;grass;5;0
0.5;1;1;1;1;0.5;1;0.5;1;0.5;0;2;1;1;1;2;0.5;1;75;428;200;60;55;Emolga;75;60;103;electric;flying;5;0
1;1;1;1;1;0.5;2;2;1;0.5;0.5;1;1;1;1;2;1;1;75;315;200;45;50;Karrablast;40;45;60;bug;;5;0
0.5;1;0.5;1;0.5;1;4;1;1;0.25;1;0.5;0.5;0;0.5;1;0.5;1;135;495;75;105;70;Escavalier;60;105;20;bug;steel;5;0
1;1;1;0.5;0.5;0.5;2;2;1;0.25;1;2;1;1;2;1;1;0.5;55;294;190;45;69;Foongus;55;55;15;grass;poison;5;0
1;1;1;0.5;0.5;0.5;2;2;1;0.25;1;2;1;1;2;1;1;0.5;85;464;75;70;114;Amoonguss;85;80;30;grass;poison;5;0
0.5;2;1;2;1;0;0.5;1;2;2;1;0.5;0;0.5;1;1;0.5;0.5;40;335;190;50;55;Frillish;65;85;40;water;ghost;5;0
0.5;2;1;2;1;0;0.5;1;2;2;1;0.5;0;0.5;1;1;0.5;0.5;60;480;60;70;100;Jellicent;85;105;60;water;ghost;5;0
1;1;1;2;1;1;0.5;1;1;2;1;0.5;1;1;1;1;0.5;0.5;75;470;75;80;165;Alomomola;40;45;65;water;;5;0
1;1;1;0.5;1;0.5;2;1;1;0.5;1;1;1;1;1;2;0.5;1;47;319;190;50;50;Joltik;57;50;65;bug;electric;5;0
1;1;1;0.5;1;0.5;2;1;1;0.5;1;1;1;1;1;2;0.5;1;77;472;75;60;70;Galvantula;97;60;108;bug;electric;5;0
1;1;0.5;0.5;0.5;2;4;1;1;0.25;1;1;0.5;0;0.5;0.5;0.5;0.5;50;305;255;91;44;Ferroseed;24;86;10;grass;steel;5;0
1;1;0.5;0.5;0.5;2;4;1;1;0.25;1;1;0.5;0;0.5;0.5;0.5;0.5;94;489;90;131;74;Ferrothorn;54;116;20;grass;steel;5;0
0.5;1;0.5;1;0.5;2;2;0.5;1;0.5;2;0.5;0.5;0;0.5;0.5;0.5;1;55;300;130;70;40;Klink;45;60;30;steel;;5;0
0.5;1;0.5;1;0.5;2;2;0.5;1;0.5;2;0.5;0.5;0;0.5;0.5;0.5;1;80;440;60;95;60;Klang;70;85;50;steel;;5;0
0.5;1;0.5;1;0.5;2;2;0.5;1;0.5;2;0.5;0.5;0;0.5;0.5;0.5;1;100;520;30;115;60;Klinklang;70;85;90;steel;;5;0
1;1;1;0.5;1;1;1;0.5;1;1;2;1;1;1;1;1;0.5;1;55;275;190;40;35;Tynamo;45;40;60;electric;;5;0
1;1;1;0.5;1;1;1;0.5;1;1;2;1;1;1;1;1;0.5;1;85;405;60;70;65;Eelektrik;75;70;40;electric;;5;0
1;1;1;0.5;1;1;1;0.5;1;1;2;1;1;1;1;1;0.5;1;115;515;30;80;85;Eelektross;105;80;50;electric;;5;0
2;2;1;1;1;0.5;1;1;2;1;1;1;1;1;0.5;1;1;1;55;335;255;55;55;Elgyem;85;55;30;psychic;;5;0
2;2;1;1;1;0.5;1;1;2;1;1;1;1;1;0.5;1;1;1;75;485;90;75;75;Beheeyem;125;95;40;psychic;;5;0
0.25;2;1;1;0.5;0;0.5;1;2;0.5;2;0.5;0;0.5;1;2;0.5;2;30;275;190;55;50;Litwick;65;55;20;ghost;fire;5;0
0.25;2;1;1;0.5;0;0.5;1;2;0.5;2;0.5;0;0.5;1;2;0.5;2;40;370;90;60;60;Lampent;95;60;55;ghost;fire;5;0
0.25;2;1;1;0.5;0;0.5;1;2;0.5;2;0.5;0;0.5;1;2;0.5;2;55;520;45;90;60;Chandelure;145;90;80;ghost;fire;5;0
1;1;2;0.5;2;1;0.5;1;1;0.5;1;2;1;1;1;1;1;0.5;87;320;75;60;46;Axew;30;40;57;dragon;;5;0
1;1;2;0.5;2;1;0.5;1;1;0.5;1;2;1;1;1;1;1;0.5;117;410;60;70;66;Fraxure;40;50;67;dragon;;5;0
1;1;2;0.5;2;1;0.5;1;1;0.5;1;2;1;1;1;1;1;0.5;147;540;45;90;76;Haxorus;60;70;97;dragon;;5;0
1;1;1;1;1;2;2;1;1;1;1;0.5;1;1;1;2;2;1;70;305;120;40;55;Cubchoo;60;40;40;ice;;5;0
1;1;1;1;1;2;2;1;1;1;1;0.5;1;1;1;2;2;1;130;505;60;80;95;Beartic;70;80;50;ice;;5;0
1;1;1;1;1;2;2;1;1;1;1;0.5;1;1;1;2;2;1;50;515;25;50;80;Cryogonal;95;135;105;ice;;5;0
1;1;1;1;1;0.5;2;2;1;0.5;0.5;1;1;1;1;2;1;1;40;305;200;85;50;Shelmet;40;65;25;bug;;5;0
1;1;1;1;1;0.5;2;2;1;0.5;0.5;1;1;1;1;2;1;1;70;495;75;40;80;Accelgor;100;60;145;bug;;5;0
1;1;1;0;1;1;1;0.5;1;2;2;2;1;0.5;1;0.5;0.5;2;66;471;75;84;109;Stunfisk;81;99;32;ground;electric;5;0
0.5;0.5;1;1;2;1;1;2;1;1;1;1;1;1;2;0.5;1;1;85;350;180;50;45;Mienfoo;55;50;65;fighting;;5;0
0.5;0.5;1;1;2;1;1;2;1;1;1;1;1;1;2;0.5;1;1;125;510;45;60;65;Mienshao;95;60;105;fighting;;5;0
1;1;2;0.5;2;1;0.5;1;1;0.5;1;2;1;1;1;1;1;0.5;120;485;45;90;77;Druddigon;60;90;48;dragon;;5;0
0.5;2;1;0;1;0;1;1;2;2;1;2;0;0.25;1;0.5;1;2;74;303;190;50;59;Golett;35;50;35;ground;ghost;5;0
0.5;2;1;0;1;0;1;1;2;2;1;2;0;0.25;1;0.5;1;2;124;483;90;80;89;Golurk;55;80;55;ground;ghost;5;0
1;0.5;0.5;1;1;4;2;0.5;0.5;0.5;2;0.5;0.5;0;0;0.5;0.5;1;85;340;120;70;45;Pawniard;40;40;60;dark;steel;5;0
1;0.5;0.5;1;1;4;2;0.5;0.5;0.5;2;0.5;0.5;0;0;0.5;0.5;1;125;490;45;100;65;Bisharp;60;70;70;dark;steel;5;0
1;1;1;1;1;2;1;1;0;1;1;1;1;1;1;1;1;1;110;490;45;95;95;Bouffalant;40;95;55;normal;;5;0
0.5;1;1;2;1;1;1;1;0;0.5;0;2;1;1;1;2;1;1;83;350;190;50;70;Rufflet;37;50;60;normal;flying;5;0
0.5;1;1;2;1;1;1;1;0;0.5;0;2;1;1;1;2;1;1;123;510;60;75;100;Braviary;57;75;80;normal;flying;5;0
1;0.5;1;2;2;1;1;1;0.5;0.5;0;2;1;1;0;2;1;1;55;370;190;75;70;Vullaby;45;65;60;dark;flying;5;0
1;0.5;1;2;2;1;1;1;0.5;0.5;0;2;1;1;0;2;1;1;65;510;60;105;110;Mandibuzz;55;95;80;dark;flying;5;0
0.5;1;1;1;0.5;1;0.5;1;1;0.5;2;0.5;1;1;1;2;0.5;2;97;484;90;66;85;Heatmor;105;66;65;fire;;5;0
0.5;1;0.5;1;0.5;1;4;1;1;0.25;1;0.5;0.5;0;0.5;1;0.5;1;109;484;90;112;58;Durant;48;48;109;bug;steel;5;0
2;0.5;2;0.5;4;2;0.5;1;0.5;0.5;1;2;1;1;0;1;1;0.5;65;300;45;50;52;Deino;45;50;38;dark;dragon;5;0
2;0.5;2;0.5;4;2;0.5;1;0.5;0.5;1;2;1;1;0;1;1;0.5;85;420;45;70;72;Zweilous;65;70;58;dark;dragon;5;0
2;0.5;2;0.5;4;2;0.5;1;0.5;0.5;1;2;1;1;0;1;1;0.5;105;600;45;90;92;Hydreigon;125;90;98;dark;dragon;5;0
0.5;1;1;1;0.5;0.5;1;2;1;0.25;1;0.5;1;1;1;4;0.5;2;85;360;45;55;55;Larvesta;50;55;60;bug;fire;5;0
0.5;1;1;1;0.5;0.5;1;2;1;0.25;1;0.5;1;1;1;4;0.5;2;60;550;15;65;85;Volcarona;135;105;100;bug;fire;5;0
0.25;0.5;0.5;1;1;2;2;1;1;0.5;2;0.5;0.5;0;1;0.25;0.5;1;90;580;3;129;91;Cobalion;90;72;108;steel;fighting;5;1
0.5;0.5;1;1;2;2;0.5;1;1;2;2;1;0.5;0.5;2;0.5;2;2;129;580;3;90;91;Terrakion;72;90;108;rock;fighting;5;1
1;0.5;1;0.5;2;1;2;4;1;0.5;0.5;2;1;2;2;0.5;1;0.5;90;580;3;72;91;Virizion;90;129;108;grass;fighting;5;1
0.5;1;1;2;1;0.5;1;1;1;0.5;0;2;1;1;1;2;1;1;100;580;3;80;79;Tornadus;110;90;121;flying;;5;1
0.5;1;1;1;1;0.5;1;0.5;1;0.5;0;2;1;1;1;2;0.5;1;105;580;3;70;79;Thundurus;145;80;101;electric;flying;5;1
0.5;1;2;0.5;1;1;0.25;1;1;0.25;2;1;1;1;1;2;0.5;1;120;680;3;100;100;Reshiram;150;120;90;dragon;fire;5;1
1;1;2;0.25;2;1;0.5;0.5;1;0.5;2;2;1;1;1;1;0.5;0.5;150;680;3;120;100;Zekrom;120;100;90;dragon;electric;5;1
0.5;1;1;0;1;0.5;1;1;1;1;0;4;1;0.5;1;1;1;2;145;600;3;90;89;Landorus;105;80;91;ground;flying;5;1
1;1;2;0.5;2;2;1;1;1;0.5;1;1;1;1;1;2;2;0.5;120;700;3;90;125;Kyurem;170;100;95;dragon;ice;5;1
0.5;0.5;1;2;2;1;0.5;2;1;2;1;0.5;1;1;2;0.5;0.5;0.5;72;580;3;90;91;Keldeo;129;90;108;water;fighting;5;1
2;2;1;1;1;1;1;1;0;1;1;1;1;1;0.5;1;1;1;128;600;3;90;100;Meloetta;77;77;128;normal;psychic;5;1
0.5;1;0.5;1;0.5;1;4;1;1;0.25;1;0.5;0.5;0;0.5;1;0.5;1;120;600;3;95;71;Genesect;120;95;99;bug;steel;5;1
2;1;1;0.5;1;1;2;2;1;0.5;0.5;2;1;2;1;1;1;0.5;61;313;45;65;56;Chespin;48;45;38;grass;;6;0
2;1;1;0.5;1;1;2;2;1;0.5;0.5;2;1;2;1;1;1;0.5;78;405;45;95;61;Quilladin;56;58;57;grass;;6;0
1;0.5;1;0.5;2;1;2;4;1;0.5;0.5;2;1;2;2;0.5;1;0.5;107;530;45;122;88;Chesnaught;74;75;64;grass;fighting;6;0
0.5;1;1;1;0.5;1;0.5;1;1;0.5;2;0.5;1;1;1;2;0.5;2;45;307;45;40;40;Fennekin;62;60;60;fire;;6;0
0.5;1;1;1;0.5;1;0.5;1;1;0.5;2;0.5;1;1;1;2;0.5;2;59;409;45;58;59;Braixen;90;70;73;fire;;6;0
1;2;1;1;0.5;0.5;0.5;1;2;0.5;2;0.5;1;1;0.5;2;0.5;2;69;534;45;72;75;Delphox;114;100;104;fire;psychic;6;0
1;1;1;2;1;1;0.5;1;1;2;1;0.5;1;1;1;1;0.5;0.5;56;314;45;40;41;Froakie;62;44;71;water;;6;0
1;1;1;2;1;1;0.5;1;1;2;1;0.5;1;1;1;1;0.5;0.5;63;405;45;52;54;Frogadier;83;56;97;water;;6;0
2;0.5;1;2;2;2;0.5;1;0.5;2;1;0.5;1;1;0;1;0.5;0.5;145;640;45;67;72;Greninja;153;71;132;water;dark;6;0
1;1;1;1;1;2;1;1;0;1;1;1;1;1;1;1;1;1;36;237;255;38;38;Bunnelby;32;36;57;normal;;6;0
1;1;1;0;1;2;1;1;0;2;1;2;1;0.5;1;0.5;1;2;56;423;127;77;85;Diggersby;50;77;78;normal;ground;6;0
0.5;1;1;2;1;1;1;1;0;0.5;0;2;1;1;1;2;1;1;50;278;255;43;45;Fletchling;40;38;62;normal;flying;6;0
0.25;1;1;2;0.5;0.5;0.5;1;1;0.25;0;1;1;1;1;4;0.5;2;73;382;120;55;62;Fletchinder;56;52;84;fire;flying;6;0
0.25;1;1;2;0.5;0.5;0.5;1;1;0.25;0;1;1;1;1;4;0.5;2;81;499;45;71;78;Talonflame;74;69;126;fire;flying;6;0
1;1;1;1;1;0.5;2;2;1;0.5;0.5;1;1;1;1;2;1;1;35;200;255;40;38;Scatterbug;27;25;35;bug;;6;0
1;1;1;1;1;0.5;2;2;1;0.5;0.5;1;1;1;1;2;1;1;22;213;120;60;45;Spewpa;27;30;29;bug;;6;0
0.5;1;1;2;1;0.25;2;2;1;0.25;0;2;1;1;1;4;1;1;52;411;45;50;80;Vivillon;90;50;89;bug;flying;6;0
0.5;1;1;1;0.5;2;0.5;1;0;0.5;2;0.5;1;1;1;2;0.5;2;50;369;220;58;62;Litleo;73;54;72;fire;normal;6;0
0.5;1;1;1;0.5;2;0.5;1;0;0.5;2;0.5;1;1;1;2;0.5;2;68;507;65;72;86;Pyroar;109;66;106;fire;normal;6;0
0.5;0.5;0;1;1;0.5;1;1;1;1;1;1;1;2;1;1;2;1;38;303;225;39;44;Flabébé;61;79;42;fairy;;6;0
0.5;0.5;0;1;1;0.5;1;1;1;1;1;1;1;2;1;1;2;1;65;551;120;67;74;Floette;125;128;92;fairy;;6;0
0.5;0.5;0;1;1;0.5;1;1;1;1;1;1;1;2;1;1;2;1;65;552;45;68;78;Florges;112;154;75;fairy;;6;0
2;1;1;0.5;1;1;2;2;1;0.5;0.5;2;1;2;1;1;1;0.5;65;350;200;48;66;Skiddo;62;57;52;grass;;6;0
2;1;1;0.5;1;1;2;2;1;0.5;0.5;2;1;2;1;1;1;0.5;100;531;45;62;123;Gogoat;97;81;68;grass;;6;0
0.5;0.5;1;1;2;1;1;2;1;1;1;1;1;1;2;0.5;1;1;82;348;220;62;67;Pancham;46;48;43;fighting;;6;0
1;0.25;1;1;4;2;1;2;0.5;1;1;1;1;1;0;0.5;1;1;124;495;65;78;95;Pangoro;69;71;58;fighting;dark;6;0
1;1;1;1;1;2;1;1;0;1;1;1;1;1;1;1;1;1;80;472;160;60;75;Furfrou;65;90;102;normal;;6;0
2;2;1;1;1;0.5;1;1;2;1;1;1;1;1;0.5;1;1;1;48;355;190;54;62;Espurr;63;60;68;psychic;;6;0
2;2;1;1;1;0.5;1;1;2;1;1;1;1;1;0.5;1;1;1;48;466;75;76;74;Meowstic;83;81;104;psychic;;6;0
0.25;2;0.5;1;0.5;0;2;0.5;2;0.5;2;0.5;0;0;0.5;0.5;0.5;1;80;325;180;100;45;Honedge;35;37;28;steel;ghost;6;0
0.25;2;0.5;1;0.5;0;2;0.5;2;0.5;2;0.5;0;0;0.5;0.5;0.5;1;110;448;90;150;59;Doublade;45;49;35;steel;ghost;6;0
0.25;2;0.5;1;0.5;0;2;0.5;2;0.5;2;0.5;0;0;0.5;0.5;0.5;1;150;520;45;50;60;Aegislash;150;50;60;steel;ghost;6;0
0.5;0.5;0;1;1;0.5;1;1;1;1;1;1;1;2;1;1;2;1;52;341;200;60;78;Spritzee;63;65;23;fairy;;6;0
0.5;0.5;0;1;1;0.5;1;1;1;1;1;1;1;2;1;1;2;1;72;462;140;72;101;Aromatisse;99;89;29;fairy;;6;0
0.5;0.5;0;1;1;0.5;1;1;1;1;1;1;1;2;1;1;2;1;48;341;200;66;62;Swirlix;59;57;49;fairy;;6;0
0.5;0.5;0;1;1;0.5;1;1;1;1;1;1;1;2;1;1;2;1;80;480;140;86;82;Slurpuff;85;75;72;fairy;;6;0
4;1;1;1;2;1;1;1;1;1;1;1;1;1;0;1;1;1;54;288;190;53;53;Inkay;37;46;45;dark;psychic;6;0
4;1;1;1;2;1;1;1;1;1;1;1;1;1;0;1;1;1;92;482;80;88;86;Malamar;68;75;73;dark;psychic;6;0
1;1;1;2;1;2;0.25;0.5;1;4;2;0.5;0.5;0.5;1;1;1;1;52;306;120;67;42;Binacle;39;56;50;rock;water;6;0
1;1;1;2;1;2;0.25;0.5;1;4;2;0.5;0.5;0.5;1;1;1;1;105;500;45;115;72;Barbaracle;54;86;68;rock;water;6;0
0.5;1;1;2;0.5;0.5;0.5;1;1;1;2;0.5;1;0.5;2;1;0.5;0.5;60;320;225;60;50;Skrelp;60;60;30;poison;water;6;0
0.5;1;2;0.5;1;0.5;0.5;1;1;0.25;2;2;1;0.5;2;1;1;0.5;75;494;55;90;65;Dragalge;97;123;44;poison;dragon;6;0
1;1;1;2;1;1;0.5;1;1;2;1;0.5;1;1;1;1;0.5;0.5;53;330;225;62;50;Clauncher;58;63;44;water;;6;0
1;1;1;2;1;1;0.5;1;1;2;1;0.5;1;1;1;1;0.5;0.5;73;500;55;88;71;Clawitzer;120;89;59;water;;6;0
1;1;1;0.5;1;2;1;0.5;0;1;2;1;1;1;1;1;0.5;1;38;289;190;33;44;Helioptile;61;43;70;electric;normal;6;0
1;1;1;0.5;1;2;1;0.5;0;1;2;1;1;1;1;1;0.5;1;55;481;75;52;62;Heliolisk;109;94;109;electric;normal;6;0
1;1;2;0.5;2;2;0.25;0.5;1;1;2;2;0.5;0.5;1;1;2;1;89;362;45;77;58;Tyrunt;45;45;48;rock;dragon;6;0
1;1;2;0.5;2;2;0.25;0.5;1;1;2;2;0.5;0.5;1;1;2;1;121;521;45;119;82;Tyrantrum;69;59;71;rock;dragon;6;0
1;1;1;1;1;4;1;0.5;1;2;2;0.5;0.5;0.5;1;2;4;2;59;362;45;50;77;Amaura;67;63;46;rock;ice;6;0
1;1;1;1;1;4;1;0.5;1;2;2;0.5;0.5;0.5;1;2;4;2;77;521;45;72;123;Aurorus;99;92;58;rock;ice;6;0
0.5;0.5;0;1;1;0.5;1;1;1;1;1;1;1;2;1;1;2;1;65;525;45;65;95;Sylveon;110;130;60;fairy;;6;0
0.25;0.5;1;2;2;0.5;1;2;1;0.5;0;2;1;1;2;1;1;1;92;500;100;75;78;Hawlucha;74;63;118;fighting;flying;6;0
0.5;0.5;0;0.5;1;0.5;1;0.5;1;1;2;1;1;2;1;1;1;1;58;431;180;57;67;Dedenne;81;67;101;electric;fairy;6;0
0.5;0.5;0;1;1;1;0.5;0.5;1;2;2;1;0.5;1;1;1;4;2;50;500;60;150;50;Carbink;50;150;50;rock;fairy;6;0
1;1;2;0.5;2;1;0.5;1;1;0.5;1;2;1;1;1;1;1;0.5;50;300;45;35;45;Goomy;55;75;40;dragon;;6;0
1;1;2;0.5;2;1;0.5;1;1;0.5;1;2;1;1;1;1;1;0.5;75;452;45;53;68;Sliggoo;83;113;60;dragon;;6;0
1;1;2;0.5;2;1;0.5;1;1;0.5;1;2;1;1;1;1;1;0.5;100;600;45;70;90;Goodra;110;150;80;dragon;;6;0
0.25;0.5;0;1;0.5;1;2;0.5;1;0.5;2;0.5;0.5;0;0.5;0.5;1;1;80;470;75;91;57;Klefki;80;87;75;steel;fairy;6;0
1;2;1;0.5;1;0;2;2;2;0.5;0.5;2;0;1;1;1;1;0.5;70;309;120;48;43;Phantump;50;60;38;ghost;grass;6;0
1;2;1;0.5;1;0;2;2;2;0.5;0.5;2;0;1;1;1;1;0.5;110;474;60;76;85;Trevenant;65;82;56;ghost;grass;6;0
1;2;1;0.5;1;0;2;2;2;0.5;0.5;2;0;1;1;1;1;0.5;66;335;120;70;59;Pumpkaboo;44;55;41;ghost;grass;6;0
1;2;1;0.5;1;0;2;2;2;0.5;0.5;2;0;1;1;1;1;0.5;100;494;60;122;85;Gourgeist;58;75;54;ghost;grass;6;0
1;1;1;1;1;2;2;1;1;1;1;0.5;1;1;1;2;2;1;69;304;190;85;55;Bergmite;32;35;28;ice;;6;0
1;1;1;1;1;2;2;1;1;1;1;0.5;1;1;1;2;2;1;117;514;55;184;95;Avalugg;44;46;28;ice;;6;0
0.5;1;2;1;2;0.5;0.5;1;1;0.25;0;4;1;1;1;2;1;0.5;30;245;190;35;40;Noibat;45;40;55;flying;dragon;6;0
0.5;1;2;1;2;0.5;0.5;1;1;0.25;0;4;1;1;1;2;1;0.5;70;535;45;80;85;Noivern;97;80;123;flying;dragon;6;0
0.5;0.5;0;1;1;0.5;1;1;1;1;1;1;1;2;1;1;2;1;131;680;45;95;126;Xerneas;131;98;99;fairy;;6;1
1;0.5;1;2;2;1;1;1;0.5;0.5;0;2;1;1;0;2;1;1;131;680;45;95;126;Yveltal;131;98;99;dark;flying;6;1
1;1;2;0;2;1;0.5;1;1;1;1;4;1;0.5;1;0.5;1;1;100;708;3;121;216;Zygarde;91;95;85;dragon;ground;6;1
0.5;0.5;0;1;1;1;0.5;0.5;1;2;2;1;0.5;1;1;1;4;2;160;700;3;110;50;Diancie;160;110;110;rock;fairy;6;1
1;4;1;1;1;0;1;1;4;1;1;1;0;0.5;0.5;1;1;1;160;680;3;60;80;Hoopa;170;130;80;psychic;ghost;6;1
0.5;1;1;2;0.5;1;0.25;1;1;1;2;0.25;1;1;1;2;0.25;1;110;600;3;120;80;Volcanion;130;90;70;fire;water;6;1
1;1;1;1;1;0.5;2;2;1;0.25;0;4;1;2;1;2;1;0.5;55;320;45;55;68;Rowlet;50;50;42;grass;flying;7;0
1;1;1;1;1;0.5;2;2;1;0.25;0;4;1;2;1;2;1;0.5;75;420;45;75;78;Dartrix;70;70;52;grass;flying;7;0
1;2;1;0.5;1;0;2;2;2;0.5;0.5;2;0;1;1;1;1;0.5;107;530;45;75;78;Decidueye;100;100;70;grass;ghost;7;0
0.5;1;1;1;0.5;1;0.5;1;1;0.5;2;0.5;1;1;1;2;0.5;2;65;320;45;40;45;Litten;60;40;70;fire;;7;0
0.5;1;1;1;0.5;1;0.5;1;1;0.5;2;0.5;1;1;1;2;0.5;2;85;420;45;50;65;Torracat;80;50;90;fire;;7;0
1;0.5;1;1;1;2;0.5;1;0.5;0.5;2;0.5;1;1;0;2;0.5;2;115;530;45;90;95;Incineroar;80;90;60;fire;dark;7;0
1;1;1;2;1;1;0.5;1;1;2;1;0.5;1;1;1;1;0.5;0.5;54;320;45;54;50;Popplio;66;56;40;water;;7;0
1;1;1;2;1;1;0.5;1;1;2;1;0.5;1;1;1;1;0.5;0.5;69;420;45;69;60;Brionne;91;81;50;water;;7;0
0.5;0.5;0;2;1;0.5;0.5;1;1;2;1;0.5;1;2;1;1;1;0.5;74;530;45;74;80;Primarina;126;116;60;water;fairy;7;0
0.5;1;1;2;1;1;1;1;0;0.5;0;2;1;1;1;2;1;1;75;265;255;30;35;Pikipek;30;30;65;normal;flying;7;0
0.5;1;1;2;1;1;1;1;0;0.5;0;2;1;1;1;2;1;1;85;355;120;50;55;Trumbeak;40;50;75;normal;flying;7;0
0.5;1;1;2;1;1;1;1;0;0.5;0;2;1;1;1;2;1;1;120;485;45;75;80;Toucannon;75;75;60;normal;flying;7;0
1;1;1;1;1;2;1;1;0;1;1;1;1;1;1;1;1;1;70;253;255;30;48;Yungoos;30;30;45;normal;;7;0
1;1;1;1;1;2;1;1;0;1;1;1;1;1;1;1;1;1;110;418;127;60;88;Gumshoos;55;60;45;normal;;7;0
1;1;1;1;1;0.5;2;2;1;0.5;0.5;1;1;1;1;2;1;1;62;300;255;45;47;Grubbin;55;45;46;bug;;7;0
1;1;1;0.5;1;0.5;2;1;1;0.5;1;1;1;1;1;2;0.5;1;82;400;120;95;57;Charjabug;55;75;36;bug;electric;7;0
1;1;1;0.5;1;0.5;2;1;1;0.5;1;1;1;1;1;2;0.5;1;70;500;45;90;77;Vikavolt;145;75;43;bug;electric;7;0
0.5;0.5;1;1;2;1;1;2;1;1;1;1;1;1;2;0.5;1;1;82;338;225;57;47;Crabrawler;42;47;63;fighting;;7;0
0.5;0.5;1;1;2;2;2;2;1;1;1;0.5;1;1;2;1;2;1;132;478;60;77;97;Crabominable;62;67;43;fighting;ice;7;0
0.25;1;1;2;0.5;0.5;0.5;1;1;0.25;0;1;1;1;1;4;0.5;2;70;476;45;70;75;Oricorio;98;70;93;fire;flying;7;0
0.5;0.5;0;1;1;0.25;2;2;1;0.5;0.5;1;1;2;1;2;2;1;45;304;190;40;40;Cutiefly;55;40;84;bug;fairy;7;0
0.5;0.5;0;1;1;0.25;2;2;1;0.5;0.5;1;1;2;1;2;2;1;55;464;75;60;60;Ribombee;95;70;124;bug;fairy;7;0
1;1;1;1;1;2;0.5;0.5;1;2;2;1;0.5;0.5;1;1;2;2;65;280;190;40;45;Rockruff;30;40;60;rock;;7;0
1;1;1;1;1;2;0.5;0.5;1;2;2;1;0.5;0.5;1;1;2;2;115;487;90;75;85;Lycanroc;55;75;82;rock;;7;0
1;1;1;2;1;1;0.5;1;1;2;1;0.5;1;1;1;1;0.5;0.5;140;620;60;130;45;Wishiwashi;140;135;30;water;;7;0
0.5;1;1;2;0.5;0.5;0.5;1;1;1;2;0.5;1;0.5;2;1;0.5;0.5;53;305;190;62;50;Mareanie;43;52;45;poison;water;7;0
0.5;1;1;2;0.5;0.5;0.5;1;1;1;2;0.5;1;0.5;2;1;0.5;0.5;63;495;75;152;50;Toxapex;53;142;35;poison;water;7;0
1;1;1;0;1;1;1;1;1;2;1;2;1;0.5;1;0.5;1;2;100;385;190;70;70;Mudbray;45;55;45;ground;;7;0
1;1;1;0;1;1;1;1;1;2;1;2;1;0.5;1;0.5;1;2;125;500;60;100;100;Mudsdale;55;85;35;ground;;7;0
1;1;1;2;1;0.5;1;2;1;1;0.5;0.5;1;1;1;2;0.5;0.5;40;269;200;52;38;Dewpider;40;72;27;water;bug;7;0
1;1;1;2;1;0.5;1;2;1;1;0.5;0.5;1;1;1;2;0.5;0.5;70;454;100;92;68;Araquanid;50;132;42;water;bug;7;0
2;1;1;0.5;1;1;2;2;1;0.5;0.5;2;1;2;1;1;1;0.5;55;250;190;35;40;Fomantis;50;35;35;grass;;7;0
2;1;1;0.5;1;1;2;2;1;0.5;0.5;2;1;2;1;1;1;0.5;105;480;75;90;70;Lurantis;80;90;45;grass;;7;0
1;0.5;0;0.5;1;0.5;2;2;1;0.5;0.5;2;1;4;1;1;2;0.5;35;285;190;55;40;Morelull;65;75;15;grass;fairy;7;0
1;0.5;0;0.5;1;0.5;2;2;1;0.5;0.5;2;1;4;1;1;2;0.5;45;405;75;80;60;Shiinotic;90;100;30;grass;fairy;7;0
0.25;1;1;1;0.25;0.5;0.5;1;1;0.25;4;0.5;1;0.5;2;2;0.5;2;44;320;120;40;48;Salandit;71;40;77;poison;fire;7;0
0.25;1;1;1;0.25;0.5;0.5;1;1;0.25;4;0.5;1;0.5;2;2;0.5;2;64;480;45;60;68;Salazzle;111;60;117;poison;fire;7;0
0.5;0.5;1;1;2;2;1;2;0;1;1;1;1;1;2;0.5;1;1;75;340;140;50;70;Stufful;45;50;50;normal;fighting;7;0
0.5;0.5;1;1;2;2;1;2;0;1;1;1;1;1;2;0.5;1;1;125;500;70;80;120;Bewear;55;60;60;normal;fighting;7;0
2;1;1;0.5;1;1;2;2;1;0.5;0.5;2;1;2;1;1;1;0.5;30;210;235;38;42;Bounsweet;30;38;32;grass;;7;0
2;1;1;0.5;1;1;2;2;1;0.5;0.5;2;1;2;1;1;1;0.5;40;290;120;48;52;Steenee;40;48;62;grass;;7;0
2;1;1;0.5;1;1;2;2;1;0.5;0.5;2;1;2;1;1;1;0.5;120;510;45;98;72;Tsareena;50;98;72;grass;;7;0
0.5;0.5;0;1;1;0.5;1;1;1;1;1;1;1;2;1;1;2;1;52;485;60;90;51;Comfey;82;110;100;fairy;;7;0
2;2;1;1;1;1;1;1;0;1;1;1;1;1;0.5;1;1;1;60;490;45;80;90;Oranguru;90;110;60;normal;psychic;7;0
0.5;0.5;1;1;2;1;1;2;1;1;1;1;1;1;2;0.5;1;1;120;490;45;90;100;Passimian;40;60;80;fighting;;7;0
1;1;1;2;1;0.5;1;2;1;1;0.5;0.5;1;1;1;2;0.5;0.5;35;230;90;40;25;Wimpod;20;30;80;bug;water;7;0
1;1;1;2;1;0.5;1;2;1;1;0.5;0.5;1;1;1;2;0.5;0.5;125;530;45;140;75;Golisopod;60;90;40;bug;water;7;0
0.5;2;1;0;1;0;1;1;2;2;1;2;0;0.25;1;0.5;1;2;55;320;140;80;55;Sandygast;70;45;15;ghost;ground;7;0
0.5;2;1;0;1;0;1;1;2;2;1;2;0;0.25;1;0.5;1;2;75;480;60;110;85;Palossand;100;75;35;ghost;ground;7;0
1;1;1;2;1;1;0.5;1;1;2;1;0.5;1;1;1;1;0.5;0.5;60;410;60;130;55;Pyukumuku;30;130;5;water;;7;0
1;1;1;1;1;2;1;1;0;1;1;1;1;1;1;1;1;1;95;534;3;95;95;Type: Null;95;95;59;normal;;7;0
1;1;1;1;1;2;1;1;0;1;1;1;1;1;1;1;1;1;95;570;3;95;95;Silvally;95;95;95;normal;;7;0
0.5;1;1;2;1;1;0.5;0.5;1;1;0;2;0.5;0.5;1;2;2;2;100;500;30 (Meteorite)255 (Core);60;60;Minior;100;60;120;rock;flying;7;0
1;1;1;1;1;2;1;1;0;1;1;1;1;1;1;1;1;1;115;480;45;65;65;Komala;75;95;65;normal;;7;0
0.5;1;2;0.5;1;1;0.25;1;1;0.25;2;1;1;1;1;2;0.5;1;78;485;70;135;60;Turtonator;91;85;36;fire;dragon;7;0
0.5;1;0.5;0.5;0.5;2;2;0.25;1;0.5;4;0.5;0.5;0;0.5;0.5;0.25;1;98;435;180;63;65;Togedemaru;40;73;96;electric;steel;7;0
0.25;1;0;1;1;0;1;1;2;1;1;1;0;1;1;1;2;1;90;476;45;80;55;Mimikyu;50;105;96;ghost;fairy;7;0
2;2;1;2;1;0.5;0.5;1;2;2;1;0.5;1;1;0.5;1;0.5;0.5;105;475;80;70;68;Bruxish;70;70;92;water;psychic;7;0
1;1;2;0.5;2;2;0.5;1;0;0.5;1;2;1;1;1;1;1;0.5;60;485;70;85;78;Drampa;135;91;36;normal;dragon;7;0
1;2;1;0.5;1;0;2;2;2;0.5;0.5;2;0;1;1;1;1;0.5;131;517;25;100;70;Dhelmise;86;90;40;ghost;grass;7;0
1;1;2;0.5;2;1;0.5;1;1;0.5;1;2;1;1;1;1;1;0.5;55;300;45;65;45;Jangmo-o;45;45;45;dragon;;7;0
0.5;0.5;2;0.5;4;1;0.5;2;1;0.5;1;2;1;1;2;0.5;1;0.5;75;420;45;90;55;Hakamo-o;65;70;65;dragon;fighting;7;0
0.5;0.5;2;0.5;4;1;0.5;2;1;0.5;1;2;1;1;2;0.5;1;0.5;110;600;45;125;75;Kommo-o;100;105;85;dragon;fighting;7;0
0.5;0.5;0;0.5;1;0.5;1;0.5;1;1;2;1;1;2;1;1;1;1;115;570;3;85;70;Tapu Koko;95;75;130;electric;fairy;7;1
1;1;0;1;1;0.25;1;1;2;1;1;1;1;2;0.5;1;2;1;85;570;3;75;70;Tapu Lele;130;115;95;psychic;fairy;7;1
1;0.5;0;0.5;1;0.5;2;2;1;0.5;0.5;2;1;4;1;1;2;0.5;130;570;3;115;70;Tapu Bulu;85;95;75;grass;fairy;7;1
0.5;0.5;0;2;1;0.5;0.5;1;1;2;1;0.5;1;2;1;1;1;0.5;75;570;3;115;70;Tapu Fini;95;130;85;water;fairy;7;1
2;2;1;1;1;0.5;1;1;2;1;1;1;1;1;0.5;1;1;1;29;200;45;31;43;Cosmog;29;31;37;psychic;;7;1
2;2;1;1;1;0.5;1;1;2;1;1;1;1;1;0.5;1;1;1;29;400;45;131;43;Cosmoem;29;131;37;psychic;;7;1
1;2;0.5;1;0.5;1;2;0.5;2;0.5;2;0.5;0.5;0;0.25;0.5;0.5;1;137;680;45;107;137;Solgaleo;113;89;97;psychic;steel;7;1
1;4;1;1;1;0;1;1;4;1;1;1;0;0.5;0.5;1;1;1;113;680;45;89;137;Lunala;137;107;97;psychic;ghost;7;1
0.5;1;1;1;0.5;1;0.5;0.5;1;1;4;1;0.5;0.25;2;1;2;2;53;570;45;47;109;Nihilego;127;131;103;rock;poison;7;1
0.5;0.5;1;1;2;0.5;2;4;1;0.5;0.5;1;1;1;2;1;1;1;139;570;25;139;107;Buzzwole;53;53;79;bug;fighting;7;1
0.5;0.5;1;1;2;0.5;2;4;1;0.5;0.5;1;1;1;2;1;1;1;137;570;255;37;71;Pheromosa;137;37;151;bug;fighting;7;1
1;1;1;0.5;1;1;1;0.5;1;1;2;1;1;1;1;1;0.5;1;89;570;30;71;83;Xurkitree;173;71;83;electric;;7;1
0.25;1;0.5;2;0.5;1;2;0.5;1;0.25;0;1;0.5;0;0.5;1;0.5;1;101;570;25;103;97;Celesteela;107;101;61;steel;flying;7;1
1;1;0.5;0.5;0.5;2;4;1;1;0.25;1;1;0.5;0;0.5;0.5;0.5;0.5;181;570;255;131;59;Kartana;59;31;109;grass;steel;7;1
2;0.5;2;0.5;4;2;0.5;1;0.5;0.5;1;2;1;1;0;1;1;0.5;101;570;15;53;223;Guzzlord;97;53;43;dark;dragon;7;1
2;2;1;1;1;0.5;1;1;2;1;1;1;1;1;0.5;1;1;1;107;600;3;101;97;Necrozma;127;89;79;psychic;;7;1
0.25;0.5;0;1;0.5;1;2;0.5;1;0.5;2;0.5;0.5;0;0.5;0.5;1;1;95;600;3;115;80;Magearna;130;115;65;steel;fairy;7;1